TimeQuest Timing Analyzer report for Lab6_top_level
Mon Feb 05 16:50:02 2018
Quartus II 64-Bit Version 13.0.1 Build 232 06/12/2013 Service Pack 1 SJ Web Edition


---------------------
; Table of Contents ;
---------------------
  1. Legal Notice
  2. TimeQuest Timing Analyzer Summary
  3. Parallel Compilation
  4. Clocks
  5. Slow Model Fmax Summary
  6. Slow Model Setup Summary
  7. Slow Model Hold Summary
  8. Slow Model Recovery Summary
  9. Slow Model Removal Summary
 10. Slow Model Minimum Pulse Width Summary
 11. Slow Model Setup: 'CLOCK_50'
 12. Slow Model Hold: 'CLOCK_50'
 13. Slow Model Minimum Pulse Width: 'CLOCK_50'
 14. Setup Times
 15. Hold Times
 16. Clock to Output Times
 17. Minimum Clock to Output Times
 18. Propagation Delay
 19. Minimum Propagation Delay
 20. Fast Model Setup Summary
 21. Fast Model Hold Summary
 22. Fast Model Recovery Summary
 23. Fast Model Removal Summary
 24. Fast Model Minimum Pulse Width Summary
 25. Fast Model Setup: 'CLOCK_50'
 26. Fast Model Hold: 'CLOCK_50'
 27. Fast Model Minimum Pulse Width: 'CLOCK_50'
 28. Setup Times
 29. Hold Times
 30. Clock to Output Times
 31. Minimum Clock to Output Times
 32. Propagation Delay
 33. Minimum Propagation Delay
 34. Multicorner Timing Analysis Summary
 35. Setup Times
 36. Hold Times
 37. Clock to Output Times
 38. Minimum Clock to Output Times
 39. Progagation Delay
 40. Minimum Progagation Delay
 41. Setup Transfers
 42. Hold Transfers
 43. Report TCCS
 44. Report RSKM
 45. Unconstrained Paths
 46. TimeQuest Timing Analyzer Messages



----------------
; Legal Notice ;
----------------
Copyright (C) 1991-2013 Altera Corporation
Your use of Altera Corporation's design tools, logic functions 
and other software and tools, and its AMPP partner logic 
functions, and any output files from any of the foregoing 
(including device programming or simulation files), and any 
associated documentation or information are expressly subject 
to the terms and conditions of the Altera Program License 
Subscription Agreement, Altera MegaCore Function License 
Agreement, or other applicable license agreement, including, 
without limitation, that your use is for the sole purpose of 
programming logic devices manufactured by Altera and sold by 
Altera or its authorized distributors.  Please refer to the 
applicable agreement for further details.



+----------------------------------------------------------------------------------------+
; TimeQuest Timing Analyzer Summary                                                      ;
+--------------------+-------------------------------------------------------------------+
; Quartus II Version ; Version 13.0.1 Build 232 06/12/2013 Service Pack 1 SJ Web Edition ;
; Revision Name      ; Lab6_top_level                                                    ;
; Device Family      ; Cyclone II                                                        ;
; Device Name        ; EP2C35F672C6                                                      ;
; Timing Models      ; Final                                                             ;
; Delay Model        ; Combined                                                          ;
; Rise/Fall Delays   ; Unavailable                                                       ;
+--------------------+-------------------------------------------------------------------+


Parallel compilation was disabled, but you have multiple processors available. Enable parallel compilation to reduce compilation time.
+-------------------------------------+
; Parallel Compilation                ;
+----------------------------+--------+
; Processors                 ; Number ;
+----------------------------+--------+
; Number detected on machine ; 8      ;
; Maximum allowed            ; 1      ;
+----------------------------+--------+


+--------------------------------------------------------------------------------------------------------------------------------------------------------------------------------------+
; Clocks                                                                                                                                                                               ;
+------------+------+--------+------------+-------+-------+------------+-----------+-------------+-------+--------+-----------+------------+----------+--------+--------+--------------+
; Clock Name ; Type ; Period ; Frequency  ; Rise  ; Fall  ; Duty Cycle ; Divide by ; Multiply by ; Phase ; Offset ; Edge List ; Edge Shift ; Inverted ; Master ; Source ; Targets      ;
+------------+------+--------+------------+-------+-------+------------+-----------+-------------+-------+--------+-----------+------------+----------+--------+--------+--------------+
; CLOCK_50   ; Base ; 1.000  ; 1000.0 MHz ; 0.000 ; 0.500 ;            ;           ;             ;       ;        ;           ;            ;          ;        ;        ; { CLOCK_50 } ;
+------------+------+--------+------------+-------+-------+------------+-----------+-------------+-------+--------+-----------+------------+----------+--------+--------+--------------+


+--------------------------------------------------+
; Slow Model Fmax Summary                          ;
+------------+-----------------+------------+------+
; Fmax       ; Restricted Fmax ; Clock Name ; Note ;
+------------+-----------------+------------+------+
; 150.97 MHz ; 150.97 MHz      ; CLOCK_50   ;      ;
+------------+-----------------+------------+------+
This panel reports FMAX for every clock in the design, regardless of the user-specified clock periods.  FMAX is only computed for paths where the source and destination registers or ports are driven by the same clock.  Paths of different clocks, including generated clocks, are ignored.  For paths between a clock and its inversion, FMAX is computed as if the rising and falling edges are scaled along with FMAX, such that the duty cycle (in terms of a percentage) is maintained. Altera recommends that you always use clock constraints and other slack reports for sign-off analysis.


+-----------------------------------+
; Slow Model Setup Summary          ;
+----------+--------+---------------+
; Clock    ; Slack  ; End Point TNS ;
+----------+--------+---------------+
; CLOCK_50 ; -5.624 ; -197.426      ;
+----------+--------+---------------+


+----------------------------------+
; Slow Model Hold Summary          ;
+----------+-------+---------------+
; Clock    ; Slack ; End Point TNS ;
+----------+-------+---------------+
; CLOCK_50 ; 0.391 ; 0.000         ;
+----------+-------+---------------+


-------------------------------
; Slow Model Recovery Summary ;
-------------------------------
No paths to report.


------------------------------
; Slow Model Removal Summary ;
------------------------------
No paths to report.


+----------------------------------------+
; Slow Model Minimum Pulse Width Summary ;
+----------+--------+--------------------+
; Clock    ; Slack  ; End Point TNS      ;
+----------+--------+--------------------+
; CLOCK_50 ; -1.380 ; -75.380            ;
+----------+--------+--------------------+


+------------------------------------------------------------------------------------------------------------------------------------------------------------------+
; Slow Model Setup: 'CLOCK_50'                                                                                                                                     ;
+--------+---------------------------+-------------------------------------------------------+--------------+-------------+--------------+------------+------------+
; Slack  ; From Node                 ; To Node                                               ; Launch Clock ; Latch Clock ; Relationship ; Clock Skew ; Data Delay ;
+--------+---------------------------+-------------------------------------------------------+--------------+-------------+--------------+------------+------------+
; -5.624 ; NoteLoader:inst20|data[3] ; shift_reg:inst13|shift_cell:inst5|dff_enrst:inst|inst ; CLOCK_50     ; CLOCK_50    ; 1.000        ; -0.010     ; 6.650      ;
; -5.486 ; NoteLoader:inst20|data[4] ; shift_reg:inst13|shift_cell:inst5|dff_enrst:inst|inst ; CLOCK_50     ; CLOCK_50    ; 1.000        ; -0.010     ; 6.512      ;
; -5.472 ; NoteLoader:inst20|data[3] ; shift_reg:inst15|shift_cell:inst5|dff_enrst:inst|inst ; CLOCK_50     ; CLOCK_50    ; 1.000        ; -0.011     ; 6.497      ;
; -5.467 ; NoteLoader:inst20|data[3] ; shift_reg:inst14|shift_cell:inst5|dff_enrst:inst|inst ; CLOCK_50     ; CLOCK_50    ; 1.000        ; -0.011     ; 6.492      ;
; -5.334 ; NoteLoader:inst20|data[4] ; shift_reg:inst15|shift_cell:inst5|dff_enrst:inst|inst ; CLOCK_50     ; CLOCK_50    ; 1.000        ; -0.011     ; 6.359      ;
; -5.329 ; NoteLoader:inst20|data[4] ; shift_reg:inst14|shift_cell:inst5|dff_enrst:inst|inst ; CLOCK_50     ; CLOCK_50    ; 1.000        ; -0.011     ; 6.354      ;
; -5.231 ; Timer:inst23|counter[1]   ; bcd_count2:inst12|dff_enrst:inst20|inst               ; CLOCK_50     ; CLOCK_50    ; 1.000        ; 0.008      ; 6.275      ;
; -5.226 ; Timer:inst23|counter[1]   ; bcd_count2:inst12|dff_enrst:inst8|inst                ; CLOCK_50     ; CLOCK_50    ; 1.000        ; 0.008      ; 6.270      ;
; -5.211 ; Timer:inst23|counter[4]   ; bcd_count2:inst12|dff_enrst:inst20|inst               ; CLOCK_50     ; CLOCK_50    ; 1.000        ; 0.008      ; 6.255      ;
; -5.206 ; Timer:inst23|counter[4]   ; bcd_count2:inst12|dff_enrst:inst8|inst                ; CLOCK_50     ; CLOCK_50    ; 1.000        ; 0.008      ; 6.250      ;
; -5.199 ; Timer:inst23|counter[3]   ; bcd_count2:inst12|dff_enrst:inst20|inst               ; CLOCK_50     ; CLOCK_50    ; 1.000        ; 0.008      ; 6.243      ;
; -5.194 ; Timer:inst23|counter[3]   ; bcd_count2:inst12|dff_enrst:inst8|inst                ; CLOCK_50     ; CLOCK_50    ; 1.000        ; 0.008      ; 6.238      ;
; -5.169 ; Timer:inst23|counter[5]   ; bcd_count2:inst12|dff_enrst:inst20|inst               ; CLOCK_50     ; CLOCK_50    ; 1.000        ; 0.008      ; 6.213      ;
; -5.167 ; NoteLoader:inst20|data[2] ; shift_reg:inst13|shift_cell:inst5|dff_enrst:inst|inst ; CLOCK_50     ; CLOCK_50    ; 1.000        ; -0.010     ; 6.193      ;
; -5.164 ; Timer:inst23|counter[5]   ; bcd_count2:inst12|dff_enrst:inst8|inst                ; CLOCK_50     ; CLOCK_50    ; 1.000        ; 0.008      ; 6.208      ;
; -5.056 ; Timer:inst23|counter[0]   ; bcd_count2:inst12|dff_enrst:inst20|inst               ; CLOCK_50     ; CLOCK_50    ; 1.000        ; 0.008      ; 6.100      ;
; -5.051 ; Timer:inst23|counter[0]   ; bcd_count2:inst12|dff_enrst:inst8|inst                ; CLOCK_50     ; CLOCK_50    ; 1.000        ; 0.008      ; 6.095      ;
; -5.015 ; NoteLoader:inst20|data[2] ; shift_reg:inst15|shift_cell:inst5|dff_enrst:inst|inst ; CLOCK_50     ; CLOCK_50    ; 1.000        ; -0.011     ; 6.040      ;
; -5.010 ; NoteLoader:inst20|data[2] ; shift_reg:inst14|shift_cell:inst5|dff_enrst:inst|inst ; CLOCK_50     ; CLOCK_50    ; 1.000        ; -0.011     ; 6.035      ;
; -5.002 ; Timer:inst23|counter[6]   ; bcd_count2:inst12|dff_enrst:inst20|inst               ; CLOCK_50     ; CLOCK_50    ; 1.000        ; 0.008      ; 6.046      ;
; -4.999 ; Timer:inst23|counter[1]   ; bcd_count2:inst12|dff_enrst:inst5|inst                ; CLOCK_50     ; CLOCK_50    ; 1.000        ; -0.015     ; 6.020      ;
; -4.997 ; Timer:inst23|counter[6]   ; bcd_count2:inst12|dff_enrst:inst8|inst                ; CLOCK_50     ; CLOCK_50    ; 1.000        ; 0.008      ; 6.041      ;
; -4.996 ; Timer:inst23|counter[1]   ; bcd_count2:inst12|dff_enrst:inst7|inst                ; CLOCK_50     ; CLOCK_50    ; 1.000        ; -0.015     ; 6.017      ;
; -4.982 ; Timer:inst23|counter[1]   ; bcd_count2:inst12|dff_enrst:inst19|inst               ; CLOCK_50     ; CLOCK_50    ; 1.000        ; 0.008      ; 6.026      ;
; -4.979 ; Timer:inst23|counter[1]   ; bcd_count2:inst12|dff_enrst:inst18|inst               ; CLOCK_50     ; CLOCK_50    ; 1.000        ; 0.008      ; 6.023      ;
; -4.979 ; Timer:inst23|counter[4]   ; bcd_count2:inst12|dff_enrst:inst5|inst                ; CLOCK_50     ; CLOCK_50    ; 1.000        ; -0.015     ; 6.000      ;
; -4.976 ; Timer:inst23|counter[4]   ; bcd_count2:inst12|dff_enrst:inst7|inst                ; CLOCK_50     ; CLOCK_50    ; 1.000        ; -0.015     ; 5.997      ;
; -4.967 ; Timer:inst23|counter[3]   ; bcd_count2:inst12|dff_enrst:inst5|inst                ; CLOCK_50     ; CLOCK_50    ; 1.000        ; -0.015     ; 5.988      ;
; -4.964 ; Timer:inst23|counter[3]   ; bcd_count2:inst12|dff_enrst:inst7|inst                ; CLOCK_50     ; CLOCK_50    ; 1.000        ; -0.015     ; 5.985      ;
; -4.962 ; Timer:inst23|counter[4]   ; bcd_count2:inst12|dff_enrst:inst19|inst               ; CLOCK_50     ; CLOCK_50    ; 1.000        ; 0.008      ; 6.006      ;
; -4.959 ; Timer:inst23|counter[4]   ; bcd_count2:inst12|dff_enrst:inst18|inst               ; CLOCK_50     ; CLOCK_50    ; 1.000        ; 0.008      ; 6.003      ;
; -4.950 ; Timer:inst23|counter[3]   ; bcd_count2:inst12|dff_enrst:inst19|inst               ; CLOCK_50     ; CLOCK_50    ; 1.000        ; 0.008      ; 5.994      ;
; -4.947 ; Timer:inst23|counter[3]   ; bcd_count2:inst12|dff_enrst:inst18|inst               ; CLOCK_50     ; CLOCK_50    ; 1.000        ; 0.008      ; 5.991      ;
; -4.937 ; Timer:inst23|counter[5]   ; bcd_count2:inst12|dff_enrst:inst5|inst                ; CLOCK_50     ; CLOCK_50    ; 1.000        ; -0.015     ; 5.958      ;
; -4.934 ; Timer:inst23|counter[5]   ; bcd_count2:inst12|dff_enrst:inst7|inst                ; CLOCK_50     ; CLOCK_50    ; 1.000        ; -0.015     ; 5.955      ;
; -4.928 ; Timer:inst23|counter[8]   ; bcd_count2:inst12|dff_enrst:inst20|inst               ; CLOCK_50     ; CLOCK_50    ; 1.000        ; 0.008      ; 5.972      ;
; -4.924 ; Timer:inst23|counter[2]   ; bcd_count2:inst12|dff_enrst:inst20|inst               ; CLOCK_50     ; CLOCK_50    ; 1.000        ; 0.008      ; 5.968      ;
; -4.923 ; Timer:inst23|counter[8]   ; bcd_count2:inst12|dff_enrst:inst8|inst                ; CLOCK_50     ; CLOCK_50    ; 1.000        ; 0.008      ; 5.967      ;
; -4.920 ; Timer:inst23|counter[5]   ; bcd_count2:inst12|dff_enrst:inst19|inst               ; CLOCK_50     ; CLOCK_50    ; 1.000        ; 0.008      ; 5.964      ;
; -4.919 ; Timer:inst23|counter[2]   ; bcd_count2:inst12|dff_enrst:inst8|inst                ; CLOCK_50     ; CLOCK_50    ; 1.000        ; 0.008      ; 5.963      ;
; -4.917 ; Timer:inst23|counter[5]   ; bcd_count2:inst12|dff_enrst:inst18|inst               ; CLOCK_50     ; CLOCK_50    ; 1.000        ; 0.008      ; 5.961      ;
; -4.908 ; Timer:inst23|counter[15]  ; bcd_count2:inst12|dff_enrst:inst20|inst               ; CLOCK_50     ; CLOCK_50    ; 1.000        ; 0.016      ; 5.960      ;
; -4.903 ; Timer:inst23|counter[15]  ; bcd_count2:inst12|dff_enrst:inst8|inst                ; CLOCK_50     ; CLOCK_50    ; 1.000        ; 0.016      ; 5.955      ;
; -4.893 ; Timer:inst23|counter[7]   ; bcd_count2:inst12|dff_enrst:inst20|inst               ; CLOCK_50     ; CLOCK_50    ; 1.000        ; 0.008      ; 5.937      ;
; -4.888 ; Timer:inst23|counter[7]   ; bcd_count2:inst12|dff_enrst:inst8|inst                ; CLOCK_50     ; CLOCK_50    ; 1.000        ; 0.008      ; 5.932      ;
; -4.887 ; Timer:inst23|counter[9]   ; bcd_count2:inst12|dff_enrst:inst20|inst               ; CLOCK_50     ; CLOCK_50    ; 1.000        ; 0.008      ; 5.931      ;
; -4.882 ; Timer:inst23|counter[9]   ; bcd_count2:inst12|dff_enrst:inst8|inst                ; CLOCK_50     ; CLOCK_50    ; 1.000        ; 0.008      ; 5.926      ;
; -4.877 ; Timer:inst23|counter[11]  ; bcd_count2:inst12|dff_enrst:inst20|inst               ; CLOCK_50     ; CLOCK_50    ; 1.000        ; 0.008      ; 5.921      ;
; -4.877 ; Timer:inst23|counter[13]  ; bcd_count2:inst12|dff_enrst:inst20|inst               ; CLOCK_50     ; CLOCK_50    ; 1.000        ; 0.016      ; 5.929      ;
; -4.872 ; Timer:inst23|counter[11]  ; bcd_count2:inst12|dff_enrst:inst8|inst                ; CLOCK_50     ; CLOCK_50    ; 1.000        ; 0.008      ; 5.916      ;
; -4.872 ; Timer:inst23|counter[13]  ; bcd_count2:inst12|dff_enrst:inst8|inst                ; CLOCK_50     ; CLOCK_50    ; 1.000        ; 0.016      ; 5.924      ;
; -4.824 ; Timer:inst23|counter[0]   ; bcd_count2:inst12|dff_enrst:inst5|inst                ; CLOCK_50     ; CLOCK_50    ; 1.000        ; -0.015     ; 5.845      ;
; -4.821 ; Timer:inst23|counter[0]   ; bcd_count2:inst12|dff_enrst:inst7|inst                ; CLOCK_50     ; CLOCK_50    ; 1.000        ; -0.015     ; 5.842      ;
; -4.807 ; Timer:inst23|counter[0]   ; bcd_count2:inst12|dff_enrst:inst19|inst               ; CLOCK_50     ; CLOCK_50    ; 1.000        ; 0.008      ; 5.851      ;
; -4.804 ; Timer:inst23|counter[0]   ; bcd_count2:inst12|dff_enrst:inst18|inst               ; CLOCK_50     ; CLOCK_50    ; 1.000        ; 0.008      ; 5.848      ;
; -4.770 ; Timer:inst23|counter[6]   ; bcd_count2:inst12|dff_enrst:inst5|inst                ; CLOCK_50     ; CLOCK_50    ; 1.000        ; -0.015     ; 5.791      ;
; -4.767 ; Timer:inst23|counter[6]   ; bcd_count2:inst12|dff_enrst:inst7|inst                ; CLOCK_50     ; CLOCK_50    ; 1.000        ; -0.015     ; 5.788      ;
; -4.753 ; Timer:inst23|counter[6]   ; bcd_count2:inst12|dff_enrst:inst19|inst               ; CLOCK_50     ; CLOCK_50    ; 1.000        ; 0.008      ; 5.797      ;
; -4.750 ; Timer:inst23|counter[6]   ; bcd_count2:inst12|dff_enrst:inst18|inst               ; CLOCK_50     ; CLOCK_50    ; 1.000        ; 0.008      ; 5.794      ;
; -4.703 ; Timer:inst23|counter[14]  ; bcd_count2:inst12|dff_enrst:inst20|inst               ; CLOCK_50     ; CLOCK_50    ; 1.000        ; 0.016      ; 5.755      ;
; -4.698 ; Timer:inst23|counter[14]  ; bcd_count2:inst12|dff_enrst:inst8|inst                ; CLOCK_50     ; CLOCK_50    ; 1.000        ; 0.016      ; 5.750      ;
; -4.696 ; Timer:inst23|counter[8]   ; bcd_count2:inst12|dff_enrst:inst5|inst                ; CLOCK_50     ; CLOCK_50    ; 1.000        ; -0.015     ; 5.717      ;
; -4.693 ; Timer:inst23|counter[8]   ; bcd_count2:inst12|dff_enrst:inst7|inst                ; CLOCK_50     ; CLOCK_50    ; 1.000        ; -0.015     ; 5.714      ;
; -4.692 ; Timer:inst23|counter[2]   ; bcd_count2:inst12|dff_enrst:inst5|inst                ; CLOCK_50     ; CLOCK_50    ; 1.000        ; -0.015     ; 5.713      ;
; -4.689 ; Timer:inst23|counter[2]   ; bcd_count2:inst12|dff_enrst:inst7|inst                ; CLOCK_50     ; CLOCK_50    ; 1.000        ; -0.015     ; 5.710      ;
; -4.679 ; Timer:inst23|counter[8]   ; bcd_count2:inst12|dff_enrst:inst19|inst               ; CLOCK_50     ; CLOCK_50    ; 1.000        ; 0.008      ; 5.723      ;
; -4.676 ; Timer:inst23|counter[15]  ; bcd_count2:inst12|dff_enrst:inst5|inst                ; CLOCK_50     ; CLOCK_50    ; 1.000        ; -0.007     ; 5.705      ;
; -4.676 ; Timer:inst23|counter[8]   ; bcd_count2:inst12|dff_enrst:inst18|inst               ; CLOCK_50     ; CLOCK_50    ; 1.000        ; 0.008      ; 5.720      ;
; -4.675 ; Timer:inst23|counter[2]   ; bcd_count2:inst12|dff_enrst:inst19|inst               ; CLOCK_50     ; CLOCK_50    ; 1.000        ; 0.008      ; 5.719      ;
; -4.673 ; Timer:inst23|counter[15]  ; bcd_count2:inst12|dff_enrst:inst7|inst                ; CLOCK_50     ; CLOCK_50    ; 1.000        ; -0.007     ; 5.702      ;
; -4.672 ; Timer:inst23|counter[2]   ; bcd_count2:inst12|dff_enrst:inst18|inst               ; CLOCK_50     ; CLOCK_50    ; 1.000        ; 0.008      ; 5.716      ;
; -4.661 ; Timer:inst23|counter[7]   ; bcd_count2:inst12|dff_enrst:inst5|inst                ; CLOCK_50     ; CLOCK_50    ; 1.000        ; -0.015     ; 5.682      ;
; -4.659 ; Timer:inst23|counter[15]  ; bcd_count2:inst12|dff_enrst:inst19|inst               ; CLOCK_50     ; CLOCK_50    ; 1.000        ; 0.016      ; 5.711      ;
; -4.658 ; Timer:inst23|counter[7]   ; bcd_count2:inst12|dff_enrst:inst7|inst                ; CLOCK_50     ; CLOCK_50    ; 1.000        ; -0.015     ; 5.679      ;
; -4.656 ; Timer:inst23|counter[15]  ; bcd_count2:inst12|dff_enrst:inst18|inst               ; CLOCK_50     ; CLOCK_50    ; 1.000        ; 0.016      ; 5.708      ;
; -4.655 ; Timer:inst23|counter[9]   ; bcd_count2:inst12|dff_enrst:inst5|inst                ; CLOCK_50     ; CLOCK_50    ; 1.000        ; -0.015     ; 5.676      ;
; -4.653 ; Timer:inst23|counter[20]  ; bcd_count2:inst12|dff_enrst:inst20|inst               ; CLOCK_50     ; CLOCK_50    ; 1.000        ; 0.016      ; 5.705      ;
; -4.652 ; Timer:inst23|counter[9]   ; bcd_count2:inst12|dff_enrst:inst7|inst                ; CLOCK_50     ; CLOCK_50    ; 1.000        ; -0.015     ; 5.673      ;
; -4.648 ; Timer:inst23|counter[20]  ; bcd_count2:inst12|dff_enrst:inst8|inst                ; CLOCK_50     ; CLOCK_50    ; 1.000        ; 0.016      ; 5.700      ;
; -4.645 ; Timer:inst23|counter[11]  ; bcd_count2:inst12|dff_enrst:inst5|inst                ; CLOCK_50     ; CLOCK_50    ; 1.000        ; -0.015     ; 5.666      ;
; -4.645 ; Timer:inst23|counter[13]  ; bcd_count2:inst12|dff_enrst:inst5|inst                ; CLOCK_50     ; CLOCK_50    ; 1.000        ; -0.007     ; 5.674      ;
; -4.644 ; Timer:inst23|counter[7]   ; bcd_count2:inst12|dff_enrst:inst19|inst               ; CLOCK_50     ; CLOCK_50    ; 1.000        ; 0.008      ; 5.688      ;
; -4.642 ; Timer:inst23|counter[11]  ; bcd_count2:inst12|dff_enrst:inst7|inst                ; CLOCK_50     ; CLOCK_50    ; 1.000        ; -0.015     ; 5.663      ;
; -4.642 ; Timer:inst23|counter[13]  ; bcd_count2:inst12|dff_enrst:inst7|inst                ; CLOCK_50     ; CLOCK_50    ; 1.000        ; -0.007     ; 5.671      ;
; -4.641 ; Timer:inst23|counter[7]   ; bcd_count2:inst12|dff_enrst:inst18|inst               ; CLOCK_50     ; CLOCK_50    ; 1.000        ; 0.008      ; 5.685      ;
; -4.638 ; Timer:inst23|counter[9]   ; bcd_count2:inst12|dff_enrst:inst19|inst               ; CLOCK_50     ; CLOCK_50    ; 1.000        ; 0.008      ; 5.682      ;
; -4.635 ; Timer:inst23|counter[9]   ; bcd_count2:inst12|dff_enrst:inst18|inst               ; CLOCK_50     ; CLOCK_50    ; 1.000        ; 0.008      ; 5.679      ;
; -4.628 ; Timer:inst23|counter[11]  ; bcd_count2:inst12|dff_enrst:inst19|inst               ; CLOCK_50     ; CLOCK_50    ; 1.000        ; 0.008      ; 5.672      ;
; -4.628 ; Timer:inst23|counter[13]  ; bcd_count2:inst12|dff_enrst:inst19|inst               ; CLOCK_50     ; CLOCK_50    ; 1.000        ; 0.016      ; 5.680      ;
; -4.625 ; Timer:inst23|counter[11]  ; bcd_count2:inst12|dff_enrst:inst18|inst               ; CLOCK_50     ; CLOCK_50    ; 1.000        ; 0.008      ; 5.669      ;
; -4.625 ; Timer:inst23|counter[13]  ; bcd_count2:inst12|dff_enrst:inst18|inst               ; CLOCK_50     ; CLOCK_50    ; 1.000        ; 0.016      ; 5.677      ;
; -4.624 ; Timer:inst23|counter[21]  ; bcd_count2:inst12|dff_enrst:inst20|inst               ; CLOCK_50     ; CLOCK_50    ; 1.000        ; 0.016      ; 5.676      ;
; -4.619 ; Timer:inst23|counter[21]  ; bcd_count2:inst12|dff_enrst:inst8|inst                ; CLOCK_50     ; CLOCK_50    ; 1.000        ; 0.016      ; 5.671      ;
; -4.612 ; Timer:inst23|counter[10]  ; bcd_count2:inst12|dff_enrst:inst20|inst               ; CLOCK_50     ; CLOCK_50    ; 1.000        ; 0.008      ; 5.656      ;
; -4.607 ; Timer:inst23|counter[10]  ; bcd_count2:inst12|dff_enrst:inst8|inst                ; CLOCK_50     ; CLOCK_50    ; 1.000        ; 0.008      ; 5.651      ;
; -4.600 ; Timer:inst23|counter[1]   ; bcd_count2:inst12|dff_enrst:inst14|inst               ; CLOCK_50     ; CLOCK_50    ; 1.000        ; -0.015     ; 5.621      ;
; -4.584 ; Timer:inst23|counter[12]  ; bcd_count2:inst12|dff_enrst:inst20|inst               ; CLOCK_50     ; CLOCK_50    ; 1.000        ; 0.016      ; 5.636      ;
; -4.580 ; Timer:inst23|counter[4]   ; bcd_count2:inst12|dff_enrst:inst14|inst               ; CLOCK_50     ; CLOCK_50    ; 1.000        ; -0.015     ; 5.601      ;
; -4.579 ; Timer:inst23|counter[12]  ; bcd_count2:inst12|dff_enrst:inst8|inst                ; CLOCK_50     ; CLOCK_50    ; 1.000        ; 0.016      ; 5.631      ;
; -4.568 ; Timer:inst23|counter[3]   ; bcd_count2:inst12|dff_enrst:inst14|inst               ; CLOCK_50     ; CLOCK_50    ; 1.000        ; -0.015     ; 5.589      ;
+--------+---------------------------+-------------------------------------------------------+--------------+-------------+--------------+------------+------------+


+---------------------------------------------------------------------------------------------------------------------------------------------------------------------------------------------+
; Slow Model Hold: 'CLOCK_50'                                                                                                                                                                 ;
+-------+-------------------------------------------------------+-------------------------------------------------------+--------------+-------------+--------------+------------+------------+
; Slack ; From Node                                             ; To Node                                               ; Launch Clock ; Latch Clock ; Relationship ; Clock Skew ; Data Delay ;
+-------+-------------------------------------------------------+-------------------------------------------------------+--------------+-------------+--------------+------------+------------+
; 0.391 ; NoteLoader:inst20|data[3]                             ; NoteLoader:inst20|data[3]                             ; CLOCK_50     ; CLOCK_50    ; 0.000        ; 0.000      ; 0.657      ;
; 0.391 ; NoteLoader:inst20|data[4]                             ; NoteLoader:inst20|data[4]                             ; CLOCK_50     ; CLOCK_50    ; 0.000        ; 0.000      ; 0.657      ;
; 0.391 ; NoteLoader:inst20|data[2]                             ; NoteLoader:inst20|data[2]                             ; CLOCK_50     ; CLOCK_50    ; 0.000        ; 0.000      ; 0.657      ;
; 0.391 ; NoteLoader:inst20|data[1]                             ; NoteLoader:inst20|data[1]                             ; CLOCK_50     ; CLOCK_50    ; 0.000        ; 0.000      ; 0.657      ;
; 0.391 ; NoteLoader:inst20|data[0]                             ; NoteLoader:inst20|data[0]                             ; CLOCK_50     ; CLOCK_50    ; 0.000        ; 0.000      ; 0.657      ;
; 0.391 ; Timer:inst23|startcounter                             ; Timer:inst23|startcounter                             ; CLOCK_50     ; CLOCK_50    ; 0.000        ; 0.000      ; 0.657      ;
; 0.391 ; bcd_count2:inst11|dff_enrst:inst15|inst               ; bcd_count2:inst11|dff_enrst:inst15|inst               ; CLOCK_50     ; CLOCK_50    ; 0.000        ; 0.000      ; 0.657      ;
; 0.391 ; bcd_count2:inst11|dff_enrst:inst14|inst               ; bcd_count2:inst11|dff_enrst:inst14|inst               ; CLOCK_50     ; CLOCK_50    ; 0.000        ; 0.000      ; 0.657      ;
; 0.391 ; bcd_count2:inst11|dff_enrst:inst19|inst               ; bcd_count2:inst11|dff_enrst:inst19|inst               ; CLOCK_50     ; CLOCK_50    ; 0.000        ; 0.000      ; 0.657      ;
; 0.391 ; bcd_count2:inst11|dff_enrst:inst18|inst               ; bcd_count2:inst11|dff_enrst:inst18|inst               ; CLOCK_50     ; CLOCK_50    ; 0.000        ; 0.000      ; 0.657      ;
; 0.391 ; bcd_count2:inst11|dff_enrst:inst8|inst                ; bcd_count2:inst11|dff_enrst:inst8|inst                ; CLOCK_50     ; CLOCK_50    ; 0.000        ; 0.000      ; 0.657      ;
; 0.391 ; bcd_count2:inst12|dff_enrst:inst14|inst               ; bcd_count2:inst12|dff_enrst:inst14|inst               ; CLOCK_50     ; CLOCK_50    ; 0.000        ; 0.000      ; 0.657      ;
; 0.391 ; bcd_count2:inst12|dff_enrst:inst5|inst                ; bcd_count2:inst12|dff_enrst:inst5|inst                ; CLOCK_50     ; CLOCK_50    ; 0.000        ; 0.000      ; 0.657      ;
; 0.391 ; bcd_count2:inst12|dff_enrst:inst19|inst               ; bcd_count2:inst12|dff_enrst:inst19|inst               ; CLOCK_50     ; CLOCK_50    ; 0.000        ; 0.000      ; 0.657      ;
; 0.391 ; bcd_count2:inst12|dff_enrst:inst18|inst               ; bcd_count2:inst12|dff_enrst:inst18|inst               ; CLOCK_50     ; CLOCK_50    ; 0.000        ; 0.000      ; 0.657      ;
; 0.391 ; bcd_count2:inst12|dff_enrst:inst8|inst                ; bcd_count2:inst12|dff_enrst:inst8|inst                ; CLOCK_50     ; CLOCK_50    ; 0.000        ; 0.000      ; 0.657      ;
; 0.391 ; control:inst27|inst10                                 ; control:inst27|inst10                                 ; CLOCK_50     ; CLOCK_50    ; 0.000        ; 0.000      ; 0.657      ;
; 0.391 ; control:inst27|inst                                   ; control:inst27|inst                                   ; CLOCK_50     ; CLOCK_50    ; 0.000        ; 0.000      ; 0.657      ;
; 0.391 ; bcd_count2:inst12|dff_enrst:inst15|inst               ; bcd_count2:inst12|dff_enrst:inst15|inst               ; CLOCK_50     ; CLOCK_50    ; 0.000        ; 0.000      ; 0.657      ;
; 0.533 ; edge_det:inst|inst                                    ; edge_det:inst|inst2                                   ; CLOCK_50     ; CLOCK_50    ; 0.000        ; 0.000      ; 0.799      ;
; 0.535 ; NoteLoader:inst20|data[0]                             ; NoteLoader:inst20|data[1]                             ; CLOCK_50     ; CLOCK_50    ; 0.000        ; 0.000      ; 0.801      ;
; 0.536 ; NoteLoader:inst20|data[0]                             ; NoteLoader:inst20|data[3]                             ; CLOCK_50     ; CLOCK_50    ; 0.000        ; 0.000      ; 0.802      ;
; 0.539 ; edge_det:inst19|inst                                  ; control:inst27|inst                                   ; CLOCK_50     ; CLOCK_50    ; 0.000        ; 0.000      ; 0.805      ;
; 0.664 ; edge_det:inst2|inst                                   ; edge_det:inst2|inst2                                  ; CLOCK_50     ; CLOCK_50    ; 0.000        ; 0.000      ; 0.930      ;
; 0.674 ; control:inst27|inst                                   ; control:inst27|inst7                                  ; CLOCK_50     ; CLOCK_50    ; 0.000        ; 0.000      ; 0.940      ;
; 0.723 ; NoteLoader:inst20|data[3]                             ; NoteLoader:inst20|data[0]                             ; CLOCK_50     ; CLOCK_50    ; 0.000        ; 0.000      ; 0.989      ;
; 0.764 ; Timer:inst23|counter[0]                               ; Timer:inst23|counter[0]                               ; CLOCK_50     ; CLOCK_50    ; 0.000        ; 0.000      ; 1.030      ;
; 0.778 ; Timer:inst23|counter[5]                               ; Timer:inst23|counter[5]                               ; CLOCK_50     ; CLOCK_50    ; 0.000        ; 0.000      ; 1.044      ;
; 0.778 ; Timer:inst23|counter[7]                               ; Timer:inst23|counter[7]                               ; CLOCK_50     ; CLOCK_50    ; 0.000        ; 0.000      ; 1.044      ;
; 0.779 ; Timer:inst23|counter[9]                               ; Timer:inst23|counter[9]                               ; CLOCK_50     ; CLOCK_50    ; 0.000        ; 0.000      ; 1.045      ;
; 0.794 ; edge_det:inst1|inst                                   ; control:inst27|inst8                                  ; CLOCK_50     ; CLOCK_50    ; 0.000        ; 0.000      ; 1.060      ;
; 0.796 ; Timer:inst23|counter[12]                              ; Timer:inst23|counter[12]                              ; CLOCK_50     ; CLOCK_50    ; 0.000        ; 0.000      ; 1.062      ;
; 0.800 ; control:inst27|inst7                                  ; control:inst27|inst10                                 ; CLOCK_50     ; CLOCK_50    ; 0.000        ; 0.000      ; 1.066      ;
; 0.802 ; control:inst27|inst                                   ; bcd_count2:inst12|dff_enrst:inst15|inst               ; CLOCK_50     ; CLOCK_50    ; 0.000        ; 0.000      ; 1.068      ;
; 0.803 ; shift_reg:inst15|shift_cell:inst4|dff_enrst:inst|inst ; shift_reg:inst15|shift_cell:inst2|dff_enrst:inst|inst ; CLOCK_50     ; CLOCK_50    ; 0.000        ; 0.000      ; 1.069      ;
; 0.805 ; edge_det:inst19|inst2                                 ; control:inst27|inst                                   ; CLOCK_50     ; CLOCK_50    ; 0.000        ; 0.000      ; 1.071      ;
; 0.806 ; Timer:inst23|counter[3]                               ; Timer:inst23|counter[3]                               ; CLOCK_50     ; CLOCK_50    ; 0.000        ; 0.000      ; 1.072      ;
; 0.806 ; Timer:inst23|counter[10]                              ; Timer:inst23|counter[10]                              ; CLOCK_50     ; CLOCK_50    ; 0.000        ; 0.000      ; 1.072      ;
; 0.811 ; Timer:inst23|counter[13]                              ; Timer:inst23|counter[13]                              ; CLOCK_50     ; CLOCK_50    ; 0.000        ; 0.000      ; 1.077      ;
; 0.813 ; Timer:inst23|counter[14]                              ; Timer:inst23|counter[14]                              ; CLOCK_50     ; CLOCK_50    ; 0.000        ; 0.000      ; 1.079      ;
; 0.813 ; Timer:inst23|counter[21]                              ; Timer:inst23|counter[21]                              ; CLOCK_50     ; CLOCK_50    ; 0.000        ; 0.000      ; 1.079      ;
; 0.814 ; Timer:inst23|counter[16]                              ; Timer:inst23|counter[16]                              ; CLOCK_50     ; CLOCK_50    ; 0.000        ; 0.000      ; 1.080      ;
; 0.814 ; Timer:inst23|counter[19]                              ; Timer:inst23|counter[19]                              ; CLOCK_50     ; CLOCK_50    ; 0.000        ; 0.000      ; 1.080      ;
; 0.814 ; Timer:inst23|counter[23]                              ; Timer:inst23|counter[23]                              ; CLOCK_50     ; CLOCK_50    ; 0.000        ; 0.000      ; 1.080      ;
; 0.815 ; edge_det:inst19|inst                                  ; edge_det:inst19|inst2                                 ; CLOCK_50     ; CLOCK_50    ; 0.000        ; 0.000      ; 1.081      ;
; 0.828 ; control:inst27|inst12                                 ; Timer:inst23|startcounter                             ; CLOCK_50     ; CLOCK_50    ; 0.000        ; 0.000      ; 1.094      ;
; 0.832 ; shift_reg:inst16|shift_cell:inst4|dff_enrst:inst|inst ; shift_reg:inst16|shift_cell:inst2|dff_enrst:inst|inst ; CLOCK_50     ; CLOCK_50    ; 0.000        ; 0.000      ; 1.098      ;
; 0.838 ; Timer:inst23|counter[2]                               ; Timer:inst23|counter[2]                               ; CLOCK_50     ; CLOCK_50    ; 0.000        ; 0.000      ; 1.104      ;
; 0.839 ; Timer:inst23|counter[1]                               ; Timer:inst23|counter[1]                               ; CLOCK_50     ; CLOCK_50    ; 0.000        ; 0.000      ; 1.105      ;
; 0.841 ; Timer:inst23|counter[20]                              ; Timer:inst23|counter[20]                              ; CLOCK_50     ; CLOCK_50    ; 0.000        ; 0.000      ; 1.107      ;
; 0.842 ; Timer:inst23|counter[22]                              ; Timer:inst23|counter[22]                              ; CLOCK_50     ; CLOCK_50    ; 0.000        ; 0.000      ; 1.108      ;
; 0.844 ; Timer:inst23|counter[4]                               ; Timer:inst23|counter[4]                               ; CLOCK_50     ; CLOCK_50    ; 0.000        ; 0.000      ; 1.110      ;
; 0.845 ; Timer:inst23|counter[6]                               ; Timer:inst23|counter[6]                               ; CLOCK_50     ; CLOCK_50    ; 0.000        ; 0.000      ; 1.111      ;
; 0.845 ; Timer:inst23|counter[15]                              ; Timer:inst23|counter[15]                              ; CLOCK_50     ; CLOCK_50    ; 0.000        ; 0.000      ; 1.111      ;
; 0.846 ; Timer:inst23|counter[8]                               ; Timer:inst23|counter[8]                               ; CLOCK_50     ; CLOCK_50    ; 0.000        ; 0.000      ; 1.112      ;
; 0.846 ; Timer:inst23|counter[17]                              ; Timer:inst23|counter[17]                              ; CLOCK_50     ; CLOCK_50    ; 0.000        ; 0.000      ; 1.112      ;
; 0.846 ; Timer:inst23|counter[24]                              ; Timer:inst23|counter[24]                              ; CLOCK_50     ; CLOCK_50    ; 0.000        ; 0.000      ; 1.112      ;
; 0.847 ; Timer:inst23|counter[18]                              ; Timer:inst23|counter[18]                              ; CLOCK_50     ; CLOCK_50    ; 0.000        ; 0.000      ; 1.113      ;
; 0.872 ; shift_reg:inst13|shift_cell:inst5|dff_enrst:inst|inst ; shift_reg:inst13|shift_cell:inst4|dff_enrst:inst|inst ; CLOCK_50     ; CLOCK_50    ; 0.000        ; 0.000      ; 1.138      ;
; 0.933 ; edge_det:inst1|inst                                   ; edge_det:inst1|inst2                                  ; CLOCK_50     ; CLOCK_50    ; 0.000        ; 0.000      ; 1.199      ;
; 0.939 ; control:inst27|inst9                                  ; control:inst27|inst9                                  ; CLOCK_50     ; CLOCK_50    ; 0.000        ; 0.000      ; 1.205      ;
; 0.972 ; Timer:inst23|counter[11]                              ; Timer:inst23|counter[11]                              ; CLOCK_50     ; CLOCK_50    ; 0.000        ; 0.000      ; 1.238      ;
; 0.997 ; NoteLoader:inst20|data[2]                             ; NoteLoader:inst20|data[1]                             ; CLOCK_50     ; CLOCK_50    ; 0.000        ; 0.000      ; 1.263      ;
; 1.008 ; NoteLoader:inst20|data[1]                             ; NoteLoader:inst20|data[4]                             ; CLOCK_50     ; CLOCK_50    ; 0.000        ; 0.000      ; 1.274      ;
; 1.009 ; NoteLoader:inst20|data[1]                             ; NoteLoader:inst20|data[2]                             ; CLOCK_50     ; CLOCK_50    ; 0.000        ; 0.000      ; 1.275      ;
; 1.009 ; NoteLoader:inst20|data[1]                             ; NoteLoader:inst20|data[0]                             ; CLOCK_50     ; CLOCK_50    ; 0.000        ; 0.000      ; 1.275      ;
; 1.019 ; shift_reg:inst15|shift_cell:inst5|dff_enrst:inst|inst ; shift_reg:inst15|shift_cell:inst4|dff_enrst:inst|inst ; CLOCK_50     ; CLOCK_50    ; 0.000        ; 0.001      ; 1.286      ;
; 1.021 ; shift_reg:inst14|shift_cell:inst4|dff_enrst:inst|inst ; shift_reg:inst14|shift_cell:inst2|dff_enrst:inst|inst ; CLOCK_50     ; CLOCK_50    ; 0.000        ; 0.000      ; 1.287      ;
; 1.022 ; shift_reg:inst13|shift_cell:inst4|dff_enrst:inst|inst ; shift_reg:inst13|shift_cell:inst2|dff_enrst:inst|inst ; CLOCK_50     ; CLOCK_50    ; 0.000        ; 0.000      ; 1.288      ;
; 1.024 ; control:inst27|inst12                                 ; control:inst27|inst9                                  ; CLOCK_50     ; CLOCK_50    ; 0.000        ; 0.001      ; 1.291      ;
; 1.026 ; control:inst27|inst12                                 ; control:inst27|inst11                                 ; CLOCK_50     ; CLOCK_50    ; 0.000        ; 0.001      ; 1.293      ;
; 1.026 ; control:inst27|inst12                                 ; control:inst27|inst8                                  ; CLOCK_50     ; CLOCK_50    ; 0.000        ; 0.001      ; 1.293      ;
; 1.097 ; shift_reg:inst14|shift_cell:inst5|dff_enrst:inst|inst ; shift_reg:inst14|shift_cell:inst4|dff_enrst:inst|inst ; CLOCK_50     ; CLOCK_50    ; 0.000        ; 0.001      ; 1.364      ;
; 1.101 ; shift_reg:inst13|shift_cell:inst2|dff_enrst:inst|inst ; control:inst27|inst9                                  ; CLOCK_50     ; CLOCK_50    ; 0.000        ; 0.011      ; 1.378      ;
; 1.116 ; edge_det:inst1|inst2                                  ; control:inst27|inst8                                  ; CLOCK_50     ; CLOCK_50    ; 0.000        ; 0.000      ; 1.382      ;
; 1.164 ; control:inst27|inst11                                 ; Timer:inst23|startcounter                             ; CLOCK_50     ; CLOCK_50    ; 0.000        ; -0.001     ; 1.429      ;
; 1.165 ; control:inst27|inst11                                 ; bcd_count2:inst12|dff_enrst:inst15|inst               ; CLOCK_50     ; CLOCK_50    ; 0.000        ; -0.001     ; 1.430      ;
; 1.167 ; edge_det:inst|inst2                                   ; control:inst27|inst9                                  ; CLOCK_50     ; CLOCK_50    ; 0.000        ; 0.000      ; 1.433      ;
; 1.179 ; Timer:inst23|counter[12]                              ; Timer:inst23|counter[13]                              ; CLOCK_50     ; CLOCK_50    ; 0.000        ; 0.000      ; 1.445      ;
; 1.182 ; bcd_count2:inst12|dff_enrst:inst7|inst                ; bcd_count2:inst12|dff_enrst:inst7|inst                ; CLOCK_50     ; CLOCK_50    ; 0.000        ; 0.000      ; 1.448      ;
; 1.188 ; Timer:inst23|counter[5]                               ; Timer:inst23|counter[6]                               ; CLOCK_50     ; CLOCK_50    ; 0.000        ; 0.000      ; 1.454      ;
; 1.188 ; Timer:inst23|counter[7]                               ; Timer:inst23|counter[8]                               ; CLOCK_50     ; CLOCK_50    ; 0.000        ; 0.000      ; 1.454      ;
; 1.189 ; Timer:inst23|counter[9]                               ; Timer:inst23|counter[10]                              ; CLOCK_50     ; CLOCK_50    ; 0.000        ; 0.000      ; 1.455      ;
; 1.189 ; Timer:inst23|counter[0]                               ; Timer:inst23|counter[1]                               ; CLOCK_50     ; CLOCK_50    ; 0.000        ; 0.000      ; 1.455      ;
; 1.189 ; Timer:inst23|counter[10]                              ; Timer:inst23|counter[11]                              ; CLOCK_50     ; CLOCK_50    ; 0.000        ; 0.000      ; 1.455      ;
; 1.194 ; Timer:inst23|counter[13]                              ; Timer:inst23|counter[14]                              ; CLOCK_50     ; CLOCK_50    ; 0.000        ; 0.000      ; 1.460      ;
; 1.196 ; Timer:inst23|counter[21]                              ; Timer:inst23|counter[22]                              ; CLOCK_50     ; CLOCK_50    ; 0.000        ; 0.000      ; 1.462      ;
; 1.196 ; Timer:inst23|counter[14]                              ; Timer:inst23|counter[15]                              ; CLOCK_50     ; CLOCK_50    ; 0.000        ; 0.000      ; 1.462      ;
; 1.197 ; Timer:inst23|counter[16]                              ; Timer:inst23|counter[17]                              ; CLOCK_50     ; CLOCK_50    ; 0.000        ; 0.000      ; 1.463      ;
; 1.197 ; Timer:inst23|counter[23]                              ; Timer:inst23|counter[24]                              ; CLOCK_50     ; CLOCK_50    ; 0.000        ; 0.000      ; 1.463      ;
; 1.212 ; edge_det:inst|inst                                    ; control:inst27|inst9                                  ; CLOCK_50     ; CLOCK_50    ; 0.000        ; 0.000      ; 1.478      ;
; 1.213 ; control:inst27|inst7                                  ; control:inst27|inst7                                  ; CLOCK_50     ; CLOCK_50    ; 0.000        ; 0.000      ; 1.479      ;
; 1.224 ; Timer:inst23|counter[2]                               ; Timer:inst23|counter[3]                               ; CLOCK_50     ; CLOCK_50    ; 0.000        ; 0.000      ; 1.490      ;
; 1.225 ; Timer:inst23|counter[1]                               ; Timer:inst23|counter[2]                               ; CLOCK_50     ; CLOCK_50    ; 0.000        ; 0.000      ; 1.491      ;
; 1.227 ; Timer:inst23|counter[20]                              ; Timer:inst23|counter[21]                              ; CLOCK_50     ; CLOCK_50    ; 0.000        ; 0.000      ; 1.493      ;
; 1.228 ; Timer:inst23|counter[22]                              ; Timer:inst23|counter[23]                              ; CLOCK_50     ; CLOCK_50    ; 0.000        ; 0.000      ; 1.494      ;
; 1.230 ; edge_det:inst19|inst                                  ; control:inst27|inst10                                 ; CLOCK_50     ; CLOCK_50    ; 0.000        ; 0.000      ; 1.496      ;
; 1.230 ; Timer:inst23|counter[4]                               ; Timer:inst23|counter[5]                               ; CLOCK_50     ; CLOCK_50    ; 0.000        ; 0.000      ; 1.496      ;
; 1.231 ; Timer:inst23|counter[6]                               ; Timer:inst23|counter[7]                               ; CLOCK_50     ; CLOCK_50    ; 0.000        ; 0.000      ; 1.497      ;
; 1.231 ; Timer:inst23|counter[15]                              ; Timer:inst23|counter[16]                              ; CLOCK_50     ; CLOCK_50    ; 0.000        ; 0.000      ; 1.497      ;
+-------+-------------------------------------------------------+-------------------------------------------------------+--------------+-------------+--------------+------------+------------+


+-----------------------------------------------------------------------------------------------------------------------------+
; Slow Model Minimum Pulse Width: 'CLOCK_50'                                                                                  ;
+--------+--------------+----------------+------------------+----------+------------+-----------------------------------------+
; Slack  ; Actual Width ; Required Width ; Type             ; Clock    ; Clock Edge ; Target                                  ;
+--------+--------------+----------------+------------------+----------+------------+-----------------------------------------+
; -1.380 ; 1.000        ; 2.380          ; Port Rate        ; CLOCK_50 ; Rise       ; CLOCK_50                                ;
; -0.500 ; 0.500        ; 1.000          ; High Pulse Width ; CLOCK_50 ; Rise       ; NoteLoader:inst20|data[0]               ;
; -0.500 ; 0.500        ; 1.000          ; Low Pulse Width  ; CLOCK_50 ; Rise       ; NoteLoader:inst20|data[0]               ;
; -0.500 ; 0.500        ; 1.000          ; High Pulse Width ; CLOCK_50 ; Rise       ; NoteLoader:inst20|data[1]               ;
; -0.500 ; 0.500        ; 1.000          ; Low Pulse Width  ; CLOCK_50 ; Rise       ; NoteLoader:inst20|data[1]               ;
; -0.500 ; 0.500        ; 1.000          ; High Pulse Width ; CLOCK_50 ; Rise       ; NoteLoader:inst20|data[2]               ;
; -0.500 ; 0.500        ; 1.000          ; Low Pulse Width  ; CLOCK_50 ; Rise       ; NoteLoader:inst20|data[2]               ;
; -0.500 ; 0.500        ; 1.000          ; High Pulse Width ; CLOCK_50 ; Rise       ; NoteLoader:inst20|data[3]               ;
; -0.500 ; 0.500        ; 1.000          ; Low Pulse Width  ; CLOCK_50 ; Rise       ; NoteLoader:inst20|data[3]               ;
; -0.500 ; 0.500        ; 1.000          ; High Pulse Width ; CLOCK_50 ; Rise       ; NoteLoader:inst20|data[4]               ;
; -0.500 ; 0.500        ; 1.000          ; Low Pulse Width  ; CLOCK_50 ; Rise       ; NoteLoader:inst20|data[4]               ;
; -0.500 ; 0.500        ; 1.000          ; High Pulse Width ; CLOCK_50 ; Rise       ; Timer:inst23|counter[0]                 ;
; -0.500 ; 0.500        ; 1.000          ; Low Pulse Width  ; CLOCK_50 ; Rise       ; Timer:inst23|counter[0]                 ;
; -0.500 ; 0.500        ; 1.000          ; High Pulse Width ; CLOCK_50 ; Rise       ; Timer:inst23|counter[10]                ;
; -0.500 ; 0.500        ; 1.000          ; Low Pulse Width  ; CLOCK_50 ; Rise       ; Timer:inst23|counter[10]                ;
; -0.500 ; 0.500        ; 1.000          ; High Pulse Width ; CLOCK_50 ; Rise       ; Timer:inst23|counter[11]                ;
; -0.500 ; 0.500        ; 1.000          ; Low Pulse Width  ; CLOCK_50 ; Rise       ; Timer:inst23|counter[11]                ;
; -0.500 ; 0.500        ; 1.000          ; High Pulse Width ; CLOCK_50 ; Rise       ; Timer:inst23|counter[12]                ;
; -0.500 ; 0.500        ; 1.000          ; Low Pulse Width  ; CLOCK_50 ; Rise       ; Timer:inst23|counter[12]                ;
; -0.500 ; 0.500        ; 1.000          ; High Pulse Width ; CLOCK_50 ; Rise       ; Timer:inst23|counter[13]                ;
; -0.500 ; 0.500        ; 1.000          ; Low Pulse Width  ; CLOCK_50 ; Rise       ; Timer:inst23|counter[13]                ;
; -0.500 ; 0.500        ; 1.000          ; High Pulse Width ; CLOCK_50 ; Rise       ; Timer:inst23|counter[14]                ;
; -0.500 ; 0.500        ; 1.000          ; Low Pulse Width  ; CLOCK_50 ; Rise       ; Timer:inst23|counter[14]                ;
; -0.500 ; 0.500        ; 1.000          ; High Pulse Width ; CLOCK_50 ; Rise       ; Timer:inst23|counter[15]                ;
; -0.500 ; 0.500        ; 1.000          ; Low Pulse Width  ; CLOCK_50 ; Rise       ; Timer:inst23|counter[15]                ;
; -0.500 ; 0.500        ; 1.000          ; High Pulse Width ; CLOCK_50 ; Rise       ; Timer:inst23|counter[16]                ;
; -0.500 ; 0.500        ; 1.000          ; Low Pulse Width  ; CLOCK_50 ; Rise       ; Timer:inst23|counter[16]                ;
; -0.500 ; 0.500        ; 1.000          ; High Pulse Width ; CLOCK_50 ; Rise       ; Timer:inst23|counter[17]                ;
; -0.500 ; 0.500        ; 1.000          ; Low Pulse Width  ; CLOCK_50 ; Rise       ; Timer:inst23|counter[17]                ;
; -0.500 ; 0.500        ; 1.000          ; High Pulse Width ; CLOCK_50 ; Rise       ; Timer:inst23|counter[18]                ;
; -0.500 ; 0.500        ; 1.000          ; Low Pulse Width  ; CLOCK_50 ; Rise       ; Timer:inst23|counter[18]                ;
; -0.500 ; 0.500        ; 1.000          ; High Pulse Width ; CLOCK_50 ; Rise       ; Timer:inst23|counter[19]                ;
; -0.500 ; 0.500        ; 1.000          ; Low Pulse Width  ; CLOCK_50 ; Rise       ; Timer:inst23|counter[19]                ;
; -0.500 ; 0.500        ; 1.000          ; High Pulse Width ; CLOCK_50 ; Rise       ; Timer:inst23|counter[1]                 ;
; -0.500 ; 0.500        ; 1.000          ; Low Pulse Width  ; CLOCK_50 ; Rise       ; Timer:inst23|counter[1]                 ;
; -0.500 ; 0.500        ; 1.000          ; High Pulse Width ; CLOCK_50 ; Rise       ; Timer:inst23|counter[20]                ;
; -0.500 ; 0.500        ; 1.000          ; Low Pulse Width  ; CLOCK_50 ; Rise       ; Timer:inst23|counter[20]                ;
; -0.500 ; 0.500        ; 1.000          ; High Pulse Width ; CLOCK_50 ; Rise       ; Timer:inst23|counter[21]                ;
; -0.500 ; 0.500        ; 1.000          ; Low Pulse Width  ; CLOCK_50 ; Rise       ; Timer:inst23|counter[21]                ;
; -0.500 ; 0.500        ; 1.000          ; High Pulse Width ; CLOCK_50 ; Rise       ; Timer:inst23|counter[22]                ;
; -0.500 ; 0.500        ; 1.000          ; Low Pulse Width  ; CLOCK_50 ; Rise       ; Timer:inst23|counter[22]                ;
; -0.500 ; 0.500        ; 1.000          ; High Pulse Width ; CLOCK_50 ; Rise       ; Timer:inst23|counter[23]                ;
; -0.500 ; 0.500        ; 1.000          ; Low Pulse Width  ; CLOCK_50 ; Rise       ; Timer:inst23|counter[23]                ;
; -0.500 ; 0.500        ; 1.000          ; High Pulse Width ; CLOCK_50 ; Rise       ; Timer:inst23|counter[24]                ;
; -0.500 ; 0.500        ; 1.000          ; Low Pulse Width  ; CLOCK_50 ; Rise       ; Timer:inst23|counter[24]                ;
; -0.500 ; 0.500        ; 1.000          ; High Pulse Width ; CLOCK_50 ; Rise       ; Timer:inst23|counter[2]                 ;
; -0.500 ; 0.500        ; 1.000          ; Low Pulse Width  ; CLOCK_50 ; Rise       ; Timer:inst23|counter[2]                 ;
; -0.500 ; 0.500        ; 1.000          ; High Pulse Width ; CLOCK_50 ; Rise       ; Timer:inst23|counter[3]                 ;
; -0.500 ; 0.500        ; 1.000          ; Low Pulse Width  ; CLOCK_50 ; Rise       ; Timer:inst23|counter[3]                 ;
; -0.500 ; 0.500        ; 1.000          ; High Pulse Width ; CLOCK_50 ; Rise       ; Timer:inst23|counter[4]                 ;
; -0.500 ; 0.500        ; 1.000          ; Low Pulse Width  ; CLOCK_50 ; Rise       ; Timer:inst23|counter[4]                 ;
; -0.500 ; 0.500        ; 1.000          ; High Pulse Width ; CLOCK_50 ; Rise       ; Timer:inst23|counter[5]                 ;
; -0.500 ; 0.500        ; 1.000          ; Low Pulse Width  ; CLOCK_50 ; Rise       ; Timer:inst23|counter[5]                 ;
; -0.500 ; 0.500        ; 1.000          ; High Pulse Width ; CLOCK_50 ; Rise       ; Timer:inst23|counter[6]                 ;
; -0.500 ; 0.500        ; 1.000          ; Low Pulse Width  ; CLOCK_50 ; Rise       ; Timer:inst23|counter[6]                 ;
; -0.500 ; 0.500        ; 1.000          ; High Pulse Width ; CLOCK_50 ; Rise       ; Timer:inst23|counter[7]                 ;
; -0.500 ; 0.500        ; 1.000          ; Low Pulse Width  ; CLOCK_50 ; Rise       ; Timer:inst23|counter[7]                 ;
; -0.500 ; 0.500        ; 1.000          ; High Pulse Width ; CLOCK_50 ; Rise       ; Timer:inst23|counter[8]                 ;
; -0.500 ; 0.500        ; 1.000          ; Low Pulse Width  ; CLOCK_50 ; Rise       ; Timer:inst23|counter[8]                 ;
; -0.500 ; 0.500        ; 1.000          ; High Pulse Width ; CLOCK_50 ; Rise       ; Timer:inst23|counter[9]                 ;
; -0.500 ; 0.500        ; 1.000          ; Low Pulse Width  ; CLOCK_50 ; Rise       ; Timer:inst23|counter[9]                 ;
; -0.500 ; 0.500        ; 1.000          ; High Pulse Width ; CLOCK_50 ; Rise       ; Timer:inst23|startcounter               ;
; -0.500 ; 0.500        ; 1.000          ; Low Pulse Width  ; CLOCK_50 ; Rise       ; Timer:inst23|startcounter               ;
; -0.500 ; 0.500        ; 1.000          ; High Pulse Width ; CLOCK_50 ; Rise       ; bcd_count2:inst11|dff_enrst:inst14|inst ;
; -0.500 ; 0.500        ; 1.000          ; Low Pulse Width  ; CLOCK_50 ; Rise       ; bcd_count2:inst11|dff_enrst:inst14|inst ;
; -0.500 ; 0.500        ; 1.000          ; High Pulse Width ; CLOCK_50 ; Rise       ; bcd_count2:inst11|dff_enrst:inst15|inst ;
; -0.500 ; 0.500        ; 1.000          ; Low Pulse Width  ; CLOCK_50 ; Rise       ; bcd_count2:inst11|dff_enrst:inst15|inst ;
; -0.500 ; 0.500        ; 1.000          ; High Pulse Width ; CLOCK_50 ; Rise       ; bcd_count2:inst11|dff_enrst:inst18|inst ;
; -0.500 ; 0.500        ; 1.000          ; Low Pulse Width  ; CLOCK_50 ; Rise       ; bcd_count2:inst11|dff_enrst:inst18|inst ;
; -0.500 ; 0.500        ; 1.000          ; High Pulse Width ; CLOCK_50 ; Rise       ; bcd_count2:inst11|dff_enrst:inst19|inst ;
; -0.500 ; 0.500        ; 1.000          ; Low Pulse Width  ; CLOCK_50 ; Rise       ; bcd_count2:inst11|dff_enrst:inst19|inst ;
; -0.500 ; 0.500        ; 1.000          ; High Pulse Width ; CLOCK_50 ; Rise       ; bcd_count2:inst11|dff_enrst:inst20|inst ;
; -0.500 ; 0.500        ; 1.000          ; Low Pulse Width  ; CLOCK_50 ; Rise       ; bcd_count2:inst11|dff_enrst:inst20|inst ;
; -0.500 ; 0.500        ; 1.000          ; High Pulse Width ; CLOCK_50 ; Rise       ; bcd_count2:inst11|dff_enrst:inst5|inst  ;
; -0.500 ; 0.500        ; 1.000          ; Low Pulse Width  ; CLOCK_50 ; Rise       ; bcd_count2:inst11|dff_enrst:inst5|inst  ;
; -0.500 ; 0.500        ; 1.000          ; High Pulse Width ; CLOCK_50 ; Rise       ; bcd_count2:inst11|dff_enrst:inst7|inst  ;
; -0.500 ; 0.500        ; 1.000          ; Low Pulse Width  ; CLOCK_50 ; Rise       ; bcd_count2:inst11|dff_enrst:inst7|inst  ;
; -0.500 ; 0.500        ; 1.000          ; High Pulse Width ; CLOCK_50 ; Rise       ; bcd_count2:inst11|dff_enrst:inst8|inst  ;
; -0.500 ; 0.500        ; 1.000          ; Low Pulse Width  ; CLOCK_50 ; Rise       ; bcd_count2:inst11|dff_enrst:inst8|inst  ;
; -0.500 ; 0.500        ; 1.000          ; High Pulse Width ; CLOCK_50 ; Rise       ; bcd_count2:inst12|dff_enrst:inst14|inst ;
; -0.500 ; 0.500        ; 1.000          ; Low Pulse Width  ; CLOCK_50 ; Rise       ; bcd_count2:inst12|dff_enrst:inst14|inst ;
; -0.500 ; 0.500        ; 1.000          ; High Pulse Width ; CLOCK_50 ; Rise       ; bcd_count2:inst12|dff_enrst:inst15|inst ;
; -0.500 ; 0.500        ; 1.000          ; Low Pulse Width  ; CLOCK_50 ; Rise       ; bcd_count2:inst12|dff_enrst:inst15|inst ;
; -0.500 ; 0.500        ; 1.000          ; High Pulse Width ; CLOCK_50 ; Rise       ; bcd_count2:inst12|dff_enrst:inst18|inst ;
; -0.500 ; 0.500        ; 1.000          ; Low Pulse Width  ; CLOCK_50 ; Rise       ; bcd_count2:inst12|dff_enrst:inst18|inst ;
; -0.500 ; 0.500        ; 1.000          ; High Pulse Width ; CLOCK_50 ; Rise       ; bcd_count2:inst12|dff_enrst:inst19|inst ;
; -0.500 ; 0.500        ; 1.000          ; Low Pulse Width  ; CLOCK_50 ; Rise       ; bcd_count2:inst12|dff_enrst:inst19|inst ;
; -0.500 ; 0.500        ; 1.000          ; High Pulse Width ; CLOCK_50 ; Rise       ; bcd_count2:inst12|dff_enrst:inst20|inst ;
; -0.500 ; 0.500        ; 1.000          ; Low Pulse Width  ; CLOCK_50 ; Rise       ; bcd_count2:inst12|dff_enrst:inst20|inst ;
; -0.500 ; 0.500        ; 1.000          ; High Pulse Width ; CLOCK_50 ; Rise       ; bcd_count2:inst12|dff_enrst:inst5|inst  ;
; -0.500 ; 0.500        ; 1.000          ; Low Pulse Width  ; CLOCK_50 ; Rise       ; bcd_count2:inst12|dff_enrst:inst5|inst  ;
; -0.500 ; 0.500        ; 1.000          ; High Pulse Width ; CLOCK_50 ; Rise       ; bcd_count2:inst12|dff_enrst:inst7|inst  ;
; -0.500 ; 0.500        ; 1.000          ; Low Pulse Width  ; CLOCK_50 ; Rise       ; bcd_count2:inst12|dff_enrst:inst7|inst  ;
; -0.500 ; 0.500        ; 1.000          ; High Pulse Width ; CLOCK_50 ; Rise       ; bcd_count2:inst12|dff_enrst:inst8|inst  ;
; -0.500 ; 0.500        ; 1.000          ; Low Pulse Width  ; CLOCK_50 ; Rise       ; bcd_count2:inst12|dff_enrst:inst8|inst  ;
; -0.500 ; 0.500        ; 1.000          ; High Pulse Width ; CLOCK_50 ; Rise       ; control:inst27|inst                     ;
; -0.500 ; 0.500        ; 1.000          ; Low Pulse Width  ; CLOCK_50 ; Rise       ; control:inst27|inst                     ;
; -0.500 ; 0.500        ; 1.000          ; High Pulse Width ; CLOCK_50 ; Rise       ; control:inst27|inst10                   ;
; -0.500 ; 0.500        ; 1.000          ; Low Pulse Width  ; CLOCK_50 ; Rise       ; control:inst27|inst10                   ;
; -0.500 ; 0.500        ; 1.000          ; High Pulse Width ; CLOCK_50 ; Rise       ; control:inst27|inst11                   ;
+--------+--------------+----------------+------------------+----------+------------+-----------------------------------------+


+-----------------------------------------------------------------------+
; Setup Times                                                           ;
+-----------+------------+-------+-------+------------+-----------------+
; Data Port ; Clock Port ; Rise  ; Fall  ; Clock Edge ; Clock Reference ;
+-----------+------------+-------+-------+------------+-----------------+
; KEY[*]    ; CLOCK_50   ; 4.130 ; 4.130 ; Rise       ; CLOCK_50        ;
;  KEY[0]   ; CLOCK_50   ; 4.090 ; 4.090 ; Rise       ; CLOCK_50        ;
;  KEY[1]   ; CLOCK_50   ; 4.130 ; 4.130 ; Rise       ; CLOCK_50        ;
;  KEY[2]   ; CLOCK_50   ; 3.956 ; 3.956 ; Rise       ; CLOCK_50        ;
;  KEY[3]   ; CLOCK_50   ; 3.655 ; 3.655 ; Rise       ; CLOCK_50        ;
+-----------+------------+-------+-------+------------+-----------------+


+-------------------------------------------------------------------------+
; Hold Times                                                              ;
+-----------+------------+--------+--------+------------+-----------------+
; Data Port ; Clock Port ; Rise   ; Fall   ; Clock Edge ; Clock Reference ;
+-----------+------------+--------+--------+------------+-----------------+
; KEY[*]    ; CLOCK_50   ; -3.419 ; -3.419 ; Rise       ; CLOCK_50        ;
;  KEY[0]   ; CLOCK_50   ; -3.859 ; -3.859 ; Rise       ; CLOCK_50        ;
;  KEY[1]   ; CLOCK_50   ; -3.898 ; -3.898 ; Rise       ; CLOCK_50        ;
;  KEY[2]   ; CLOCK_50   ; -3.722 ; -3.722 ; Rise       ; CLOCK_50        ;
;  KEY[3]   ; CLOCK_50   ; -3.419 ; -3.419 ; Rise       ; CLOCK_50        ;
+-----------+------------+--------+--------+------------+-----------------+


+-------------------------------------------------------------------------+
; Clock to Output Times                                                   ;
+-----------+------------+--------+--------+------------+-----------------+
; Data Port ; Clock Port ; Rise   ; Fall   ; Clock Edge ; Clock Reference ;
+-----------+------------+--------+--------+------------+-----------------+
; HEX0[*]   ; CLOCK_50   ; 10.458 ; 10.458 ; Rise       ; CLOCK_50        ;
;  HEX0[0]  ; CLOCK_50   ; 9.466  ; 9.466  ; Rise       ; CLOCK_50        ;
;  HEX0[1]  ; CLOCK_50   ; 10.458 ; 10.458 ; Rise       ; CLOCK_50        ;
;  HEX0[2]  ; CLOCK_50   ; 9.935  ; 9.935  ; Rise       ; CLOCK_50        ;
;  HEX0[3]  ; CLOCK_50   ; 9.236  ; 9.236  ; Rise       ; CLOCK_50        ;
;  HEX0[4]  ; CLOCK_50   ; 9.223  ; 9.223  ; Rise       ; CLOCK_50        ;
;  HEX0[5]  ; CLOCK_50   ; 9.932  ; 9.932  ; Rise       ; CLOCK_50        ;
;  HEX0[6]  ; CLOCK_50   ; 10.187 ; 10.187 ; Rise       ; CLOCK_50        ;
; HEX1[*]   ; CLOCK_50   ; 8.652  ; 8.652  ; Rise       ; CLOCK_50        ;
;  HEX1[0]  ; CLOCK_50   ; 8.648  ; 8.648  ; Rise       ; CLOCK_50        ;
;  HEX1[1]  ; CLOCK_50   ; 8.643  ; 8.643  ; Rise       ; CLOCK_50        ;
;  HEX1[2]  ; CLOCK_50   ; 8.652  ; 8.652  ; Rise       ; CLOCK_50        ;
;  HEX1[3]  ; CLOCK_50   ; 8.479  ; 8.479  ; Rise       ; CLOCK_50        ;
;  HEX1[4]  ; CLOCK_50   ; 8.438  ; 8.438  ; Rise       ; CLOCK_50        ;
;  HEX1[5]  ; CLOCK_50   ; 8.477  ; 8.477  ; Rise       ; CLOCK_50        ;
;  HEX1[6]  ; CLOCK_50   ; 8.432  ; 8.432  ; Rise       ; CLOCK_50        ;
; HEX2[*]   ; CLOCK_50   ; 8.549  ; 8.549  ; Rise       ; CLOCK_50        ;
;  HEX2[0]  ; CLOCK_50   ; 8.549  ; 8.549  ; Rise       ; CLOCK_50        ;
;  HEX2[1]  ; CLOCK_50   ; 8.472  ; 8.472  ; Rise       ; CLOCK_50        ;
;  HEX2[2]  ; CLOCK_50   ; 8.499  ; 8.499  ; Rise       ; CLOCK_50        ;
;  HEX2[3]  ; CLOCK_50   ; 8.444  ; 8.444  ; Rise       ; CLOCK_50        ;
;  HEX2[4]  ; CLOCK_50   ; 8.210  ; 8.210  ; Rise       ; CLOCK_50        ;
;  HEX2[5]  ; CLOCK_50   ; 8.254  ; 8.254  ; Rise       ; CLOCK_50        ;
;  HEX2[6]  ; CLOCK_50   ; 8.200  ; 8.200  ; Rise       ; CLOCK_50        ;
; HEX3[*]   ; CLOCK_50   ; 8.492  ; 8.492  ; Rise       ; CLOCK_50        ;
;  HEX3[0]  ; CLOCK_50   ; 8.168  ; 8.168  ; Rise       ; CLOCK_50        ;
;  HEX3[1]  ; CLOCK_50   ; 8.189  ; 8.189  ; Rise       ; CLOCK_50        ;
;  HEX3[2]  ; CLOCK_50   ; 8.233  ; 8.233  ; Rise       ; CLOCK_50        ;
;  HEX3[3]  ; CLOCK_50   ; 8.199  ; 8.199  ; Rise       ; CLOCK_50        ;
;  HEX3[4]  ; CLOCK_50   ; 8.202  ; 8.202  ; Rise       ; CLOCK_50        ;
;  HEX3[5]  ; CLOCK_50   ; 8.492  ; 8.492  ; Rise       ; CLOCK_50        ;
;  HEX3[6]  ; CLOCK_50   ; 8.427  ; 8.427  ; Rise       ; CLOCK_50        ;
; HEX4[*]   ; CLOCK_50   ; 8.832  ; 8.832  ; Rise       ; CLOCK_50        ;
;  HEX4[0]  ; CLOCK_50   ; 8.767  ; 8.767  ; Rise       ; CLOCK_50        ;
;  HEX4[1]  ; CLOCK_50   ; 8.769  ; 8.769  ; Rise       ; CLOCK_50        ;
;  HEX4[2]  ; CLOCK_50   ; 8.790  ; 8.790  ; Rise       ; CLOCK_50        ;
;  HEX4[3]  ; CLOCK_50   ; 8.769  ; 8.769  ; Rise       ; CLOCK_50        ;
;  HEX4[4]  ; CLOCK_50   ; 8.784  ; 8.784  ; Rise       ; CLOCK_50        ;
;  HEX4[5]  ; CLOCK_50   ; 8.778  ; 8.778  ; Rise       ; CLOCK_50        ;
;  HEX4[6]  ; CLOCK_50   ; 8.832  ; 8.832  ; Rise       ; CLOCK_50        ;
; HEX5[*]   ; CLOCK_50   ; 7.150  ; 7.150  ; Rise       ; CLOCK_50        ;
;  HEX5[0]  ; CLOCK_50   ; 6.850  ; 6.850  ; Rise       ; CLOCK_50        ;
;  HEX5[1]  ; CLOCK_50   ; 6.837  ; 6.837  ; Rise       ; CLOCK_50        ;
;  HEX5[2]  ; CLOCK_50   ; 6.816  ; 6.816  ; Rise       ; CLOCK_50        ;
;  HEX5[3]  ; CLOCK_50   ; 7.145  ; 7.145  ; Rise       ; CLOCK_50        ;
;  HEX5[4]  ; CLOCK_50   ; 7.137  ; 7.137  ; Rise       ; CLOCK_50        ;
;  HEX5[5]  ; CLOCK_50   ; 7.136  ; 7.136  ; Rise       ; CLOCK_50        ;
;  HEX5[6]  ; CLOCK_50   ; 7.150  ; 7.150  ; Rise       ; CLOCK_50        ;
; HEX6[*]   ; CLOCK_50   ; 7.641  ; 7.641  ; Rise       ; CLOCK_50        ;
;  HEX6[0]  ; CLOCK_50   ; 7.081  ; 7.081  ; Rise       ; CLOCK_50        ;
;  HEX6[1]  ; CLOCK_50   ; 7.091  ; 7.091  ; Rise       ; CLOCK_50        ;
;  HEX6[2]  ; CLOCK_50   ; 7.075  ; 7.075  ; Rise       ; CLOCK_50        ;
;  HEX6[3]  ; CLOCK_50   ; 7.636  ; 7.636  ; Rise       ; CLOCK_50        ;
;  HEX6[4]  ; CLOCK_50   ; 7.641  ; 7.641  ; Rise       ; CLOCK_50        ;
;  HEX6[5]  ; CLOCK_50   ; 7.598  ; 7.598  ; Rise       ; CLOCK_50        ;
;  HEX6[6]  ; CLOCK_50   ; 7.575  ; 7.575  ; Rise       ; CLOCK_50        ;
; HEX7[*]   ; CLOCK_50   ; 7.987  ; 7.987  ; Rise       ; CLOCK_50        ;
;  HEX7[0]  ; CLOCK_50   ; 7.723  ; 7.723  ; Rise       ; CLOCK_50        ;
;  HEX7[1]  ; CLOCK_50   ; 7.759  ; 7.759  ; Rise       ; CLOCK_50        ;
;  HEX7[2]  ; CLOCK_50   ; 7.729  ; 7.729  ; Rise       ; CLOCK_50        ;
;  HEX7[3]  ; CLOCK_50   ; 7.724  ; 7.724  ; Rise       ; CLOCK_50        ;
;  HEX7[4]  ; CLOCK_50   ; 7.987  ; 7.987  ; Rise       ; CLOCK_50        ;
;  HEX7[5]  ; CLOCK_50   ; 7.931  ; 7.931  ; Rise       ; CLOCK_50        ;
;  HEX7[6]  ; CLOCK_50   ; 7.755  ; 7.755  ; Rise       ; CLOCK_50        ;
; LEDG[*]   ; CLOCK_50   ; 7.485  ; 7.485  ; Rise       ; CLOCK_50        ;
;  LEDG[0]  ; CLOCK_50   ; 7.458  ; 7.458  ; Rise       ; CLOCK_50        ;
;  LEDG[1]  ; CLOCK_50   ; 7.485  ; 7.485  ; Rise       ; CLOCK_50        ;
;  LEDG[2]  ; CLOCK_50   ; 7.473  ; 7.473  ; Rise       ; CLOCK_50        ;
;  LEDG[3]  ; CLOCK_50   ; 7.218  ; 7.218  ; Rise       ; CLOCK_50        ;
;  LEDG[4]  ; CLOCK_50   ; 7.287  ; 7.287  ; Rise       ; CLOCK_50        ;
;  LEDG[5]  ; CLOCK_50   ; 7.275  ; 7.275  ; Rise       ; CLOCK_50        ;
;  LEDG[6]  ; CLOCK_50   ; 7.261  ; 7.261  ; Rise       ; CLOCK_50        ;
+-----------+------------+--------+--------+------------+-----------------+


+-------------------------------------------------------------------------+
; Minimum Clock to Output Times                                           ;
+-----------+------------+--------+--------+------------+-----------------+
; Data Port ; Clock Port ; Rise   ; Fall   ; Clock Edge ; Clock Reference ;
+-----------+------------+--------+--------+------------+-----------------+
; HEX0[*]   ; CLOCK_50   ; 8.869  ; 8.869  ; Rise       ; CLOCK_50        ;
;  HEX0[0]  ; CLOCK_50   ; 9.097  ; 9.097  ; Rise       ; CLOCK_50        ;
;  HEX0[1]  ; CLOCK_50   ; 10.091 ; 10.091 ; Rise       ; CLOCK_50        ;
;  HEX0[2]  ; CLOCK_50   ; 9.566  ; 9.566  ; Rise       ; CLOCK_50        ;
;  HEX0[3]  ; CLOCK_50   ; 8.880  ; 8.880  ; Rise       ; CLOCK_50        ;
;  HEX0[4]  ; CLOCK_50   ; 8.869  ; 8.869  ; Rise       ; CLOCK_50        ;
;  HEX0[5]  ; CLOCK_50   ; 9.563  ; 9.563  ; Rise       ; CLOCK_50        ;
;  HEX0[6]  ; CLOCK_50   ; 9.840  ; 9.840  ; Rise       ; CLOCK_50        ;
; HEX1[*]   ; CLOCK_50   ; 8.212  ; 8.212  ; Rise       ; CLOCK_50        ;
;  HEX1[0]  ; CLOCK_50   ; 8.426  ; 8.426  ; Rise       ; CLOCK_50        ;
;  HEX1[1]  ; CLOCK_50   ; 8.425  ; 8.425  ; Rise       ; CLOCK_50        ;
;  HEX1[2]  ; CLOCK_50   ; 8.434  ; 8.434  ; Rise       ; CLOCK_50        ;
;  HEX1[3]  ; CLOCK_50   ; 8.257  ; 8.257  ; Rise       ; CLOCK_50        ;
;  HEX1[4]  ; CLOCK_50   ; 8.212  ; 8.212  ; Rise       ; CLOCK_50        ;
;  HEX1[5]  ; CLOCK_50   ; 8.254  ; 8.254  ; Rise       ; CLOCK_50        ;
;  HEX1[6]  ; CLOCK_50   ; 8.236  ; 8.236  ; Rise       ; CLOCK_50        ;
; HEX2[*]   ; CLOCK_50   ; 7.918  ; 7.918  ; Rise       ; CLOCK_50        ;
;  HEX2[0]  ; CLOCK_50   ; 8.263  ; 8.263  ; Rise       ; CLOCK_50        ;
;  HEX2[1]  ; CLOCK_50   ; 8.195  ; 8.195  ; Rise       ; CLOCK_50        ;
;  HEX2[2]  ; CLOCK_50   ; 8.222  ; 8.222  ; Rise       ; CLOCK_50        ;
;  HEX2[3]  ; CLOCK_50   ; 8.170  ; 8.170  ; Rise       ; CLOCK_50        ;
;  HEX2[4]  ; CLOCK_50   ; 7.931  ; 7.931  ; Rise       ; CLOCK_50        ;
;  HEX2[5]  ; CLOCK_50   ; 7.969  ; 7.969  ; Rise       ; CLOCK_50        ;
;  HEX2[6]  ; CLOCK_50   ; 7.918  ; 7.918  ; Rise       ; CLOCK_50        ;
; HEX3[*]   ; CLOCK_50   ; 7.863  ; 7.863  ; Rise       ; CLOCK_50        ;
;  HEX3[0]  ; CLOCK_50   ; 7.863  ; 7.863  ; Rise       ; CLOCK_50        ;
;  HEX3[1]  ; CLOCK_50   ; 7.888  ; 7.888  ; Rise       ; CLOCK_50        ;
;  HEX3[2]  ; CLOCK_50   ; 7.933  ; 7.933  ; Rise       ; CLOCK_50        ;
;  HEX3[3]  ; CLOCK_50   ; 7.895  ; 7.895  ; Rise       ; CLOCK_50        ;
;  HEX3[4]  ; CLOCK_50   ; 7.897  ; 7.897  ; Rise       ; CLOCK_50        ;
;  HEX3[5]  ; CLOCK_50   ; 8.199  ; 8.199  ; Rise       ; CLOCK_50        ;
;  HEX3[6]  ; CLOCK_50   ; 8.134  ; 8.134  ; Rise       ; CLOCK_50        ;
; HEX4[*]   ; CLOCK_50   ; 6.996  ; 6.996  ; Rise       ; CLOCK_50        ;
;  HEX4[0]  ; CLOCK_50   ; 7.007  ; 7.007  ; Rise       ; CLOCK_50        ;
;  HEX4[1]  ; CLOCK_50   ; 6.996  ; 6.996  ; Rise       ; CLOCK_50        ;
;  HEX4[2]  ; CLOCK_50   ; 7.028  ; 7.028  ; Rise       ; CLOCK_50        ;
;  HEX4[3]  ; CLOCK_50   ; 7.012  ; 7.012  ; Rise       ; CLOCK_50        ;
;  HEX4[4]  ; CLOCK_50   ; 7.009  ; 7.009  ; Rise       ; CLOCK_50        ;
;  HEX4[5]  ; CLOCK_50   ; 7.014  ; 7.014  ; Rise       ; CLOCK_50        ;
;  HEX4[6]  ; CLOCK_50   ; 7.070  ; 7.070  ; Rise       ; CLOCK_50        ;
; HEX5[*]   ; CLOCK_50   ; 6.536  ; 6.536  ; Rise       ; CLOCK_50        ;
;  HEX5[0]  ; CLOCK_50   ; 6.564  ; 6.564  ; Rise       ; CLOCK_50        ;
;  HEX5[1]  ; CLOCK_50   ; 6.551  ; 6.551  ; Rise       ; CLOCK_50        ;
;  HEX5[2]  ; CLOCK_50   ; 6.536  ; 6.536  ; Rise       ; CLOCK_50        ;
;  HEX5[3]  ; CLOCK_50   ; 6.861  ; 6.861  ; Rise       ; CLOCK_50        ;
;  HEX5[4]  ; CLOCK_50   ; 6.850  ; 6.850  ; Rise       ; CLOCK_50        ;
;  HEX5[5]  ; CLOCK_50   ; 6.849  ; 6.849  ; Rise       ; CLOCK_50        ;
;  HEX5[6]  ; CLOCK_50   ; 6.863  ; 6.863  ; Rise       ; CLOCK_50        ;
; HEX6[*]   ; CLOCK_50   ; 6.538  ; 6.538  ; Rise       ; CLOCK_50        ;
;  HEX6[0]  ; CLOCK_50   ; 6.538  ; 6.538  ; Rise       ; CLOCK_50        ;
;  HEX6[1]  ; CLOCK_50   ; 6.551  ; 6.551  ; Rise       ; CLOCK_50        ;
;  HEX6[2]  ; CLOCK_50   ; 6.544  ; 6.544  ; Rise       ; CLOCK_50        ;
;  HEX6[3]  ; CLOCK_50   ; 7.093  ; 7.093  ; Rise       ; CLOCK_50        ;
;  HEX6[4]  ; CLOCK_50   ; 7.106  ; 7.106  ; Rise       ; CLOCK_50        ;
;  HEX6[5]  ; CLOCK_50   ; 7.067  ; 7.067  ; Rise       ; CLOCK_50        ;
;  HEX6[6]  ; CLOCK_50   ; 7.072  ; 7.072  ; Rise       ; CLOCK_50        ;
; HEX7[*]   ; CLOCK_50   ; 7.236  ; 7.236  ; Rise       ; CLOCK_50        ;
;  HEX7[0]  ; CLOCK_50   ; 7.266  ; 7.266  ; Rise       ; CLOCK_50        ;
;  HEX7[1]  ; CLOCK_50   ; 7.276  ; 7.276  ; Rise       ; CLOCK_50        ;
;  HEX7[2]  ; CLOCK_50   ; 7.239  ; 7.239  ; Rise       ; CLOCK_50        ;
;  HEX7[3]  ; CLOCK_50   ; 7.236  ; 7.236  ; Rise       ; CLOCK_50        ;
;  HEX7[4]  ; CLOCK_50   ; 7.502  ; 7.502  ; Rise       ; CLOCK_50        ;
;  HEX7[5]  ; CLOCK_50   ; 7.442  ; 7.442  ; Rise       ; CLOCK_50        ;
;  HEX7[6]  ; CLOCK_50   ; 7.273  ; 7.273  ; Rise       ; CLOCK_50        ;
; LEDG[*]   ; CLOCK_50   ; 7.218  ; 7.218  ; Rise       ; CLOCK_50        ;
;  LEDG[0]  ; CLOCK_50   ; 7.458  ; 7.458  ; Rise       ; CLOCK_50        ;
;  LEDG[1]  ; CLOCK_50   ; 7.485  ; 7.485  ; Rise       ; CLOCK_50        ;
;  LEDG[2]  ; CLOCK_50   ; 7.473  ; 7.473  ; Rise       ; CLOCK_50        ;
;  LEDG[3]  ; CLOCK_50   ; 7.218  ; 7.218  ; Rise       ; CLOCK_50        ;
;  LEDG[4]  ; CLOCK_50   ; 7.287  ; 7.287  ; Rise       ; CLOCK_50        ;
;  LEDG[5]  ; CLOCK_50   ; 7.275  ; 7.275  ; Rise       ; CLOCK_50        ;
;  LEDG[6]  ; CLOCK_50   ; 7.261  ; 7.261  ; Rise       ; CLOCK_50        ;
+-----------+------------+--------+--------+------------+-----------------+


+----------------------------------------------------+
; Propagation Delay                                  ;
+------------+-------------+-------+----+----+-------+
; Input Port ; Output Port ; RR    ; RF ; FR ; FF    ;
+------------+-------------+-------+----+----+-------+
; SW[17]     ; LEDG[7]     ; 9.764 ;    ;    ; 9.764 ;
+------------+-------------+-------+----+----+-------+


+----------------------------------------------------+
; Minimum Propagation Delay                          ;
+------------+-------------+-------+----+----+-------+
; Input Port ; Output Port ; RR    ; RF ; FR ; FF    ;
+------------+-------------+-------+----+----+-------+
; SW[17]     ; LEDG[7]     ; 9.764 ;    ;    ; 9.764 ;
+------------+-------------+-------+----+----+-------+


+-----------------------------------+
; Fast Model Setup Summary          ;
+----------+--------+---------------+
; Clock    ; Slack  ; End Point TNS ;
+----------+--------+---------------+
; CLOCK_50 ; -1.873 ; -58.798       ;
+----------+--------+---------------+


+----------------------------------+
; Fast Model Hold Summary          ;
+----------+-------+---------------+
; Clock    ; Slack ; End Point TNS ;
+----------+-------+---------------+
; CLOCK_50 ; 0.215 ; 0.000         ;
+----------+-------+---------------+


-------------------------------
; Fast Model Recovery Summary ;
-------------------------------
No paths to report.


------------------------------
; Fast Model Removal Summary ;
------------------------------
No paths to report.


+----------------------------------------+
; Fast Model Minimum Pulse Width Summary ;
+----------+--------+--------------------+
; Clock    ; Slack  ; End Point TNS      ;
+----------+--------+--------------------+
; CLOCK_50 ; -1.380 ; -75.380            ;
+----------+--------+--------------------+


+------------------------------------------------------------------------------------------------------------------------------------------------------------------+
; Fast Model Setup: 'CLOCK_50'                                                                                                                                     ;
+--------+---------------------------+-------------------------------------------------------+--------------+-------------+--------------+------------+------------+
; Slack  ; From Node                 ; To Node                                               ; Launch Clock ; Latch Clock ; Relationship ; Clock Skew ; Data Delay ;
+--------+---------------------------+-------------------------------------------------------+--------------+-------------+--------------+------------+------------+
; -1.873 ; Timer:inst23|counter[1]   ; bcd_count2:inst12|dff_enrst:inst8|inst                ; CLOCK_50     ; CLOCK_50    ; 1.000        ; 0.008      ; 2.913      ;
; -1.863 ; Timer:inst23|counter[4]   ; bcd_count2:inst12|dff_enrst:inst8|inst                ; CLOCK_50     ; CLOCK_50    ; 1.000        ; 0.008      ; 2.903      ;
; -1.863 ; Timer:inst23|counter[3]   ; bcd_count2:inst12|dff_enrst:inst8|inst                ; CLOCK_50     ; CLOCK_50    ; 1.000        ; 0.008      ; 2.903      ;
; -1.850 ; Timer:inst23|counter[1]   ; bcd_count2:inst12|dff_enrst:inst20|inst               ; CLOCK_50     ; CLOCK_50    ; 1.000        ; 0.008      ; 2.890      ;
; -1.847 ; Timer:inst23|counter[5]   ; bcd_count2:inst12|dff_enrst:inst8|inst                ; CLOCK_50     ; CLOCK_50    ; 1.000        ; 0.008      ; 2.887      ;
; -1.840 ; Timer:inst23|counter[4]   ; bcd_count2:inst12|dff_enrst:inst20|inst               ; CLOCK_50     ; CLOCK_50    ; 1.000        ; 0.008      ; 2.880      ;
; -1.840 ; Timer:inst23|counter[3]   ; bcd_count2:inst12|dff_enrst:inst20|inst               ; CLOCK_50     ; CLOCK_50    ; 1.000        ; 0.008      ; 2.880      ;
; -1.824 ; Timer:inst23|counter[5]   ; bcd_count2:inst12|dff_enrst:inst20|inst               ; CLOCK_50     ; CLOCK_50    ; 1.000        ; 0.008      ; 2.864      ;
; -1.819 ; NoteLoader:inst20|data[3] ; shift_reg:inst13|shift_cell:inst5|dff_enrst:inst|inst ; CLOCK_50     ; CLOCK_50    ; 1.000        ; -0.011     ; 2.840      ;
; -1.794 ; Timer:inst23|counter[0]   ; bcd_count2:inst12|dff_enrst:inst8|inst                ; CLOCK_50     ; CLOCK_50    ; 1.000        ; 0.008      ; 2.834      ;
; -1.784 ; Timer:inst23|counter[6]   ; bcd_count2:inst12|dff_enrst:inst8|inst                ; CLOCK_50     ; CLOCK_50    ; 1.000        ; 0.008      ; 2.824      ;
; -1.771 ; Timer:inst23|counter[0]   ; bcd_count2:inst12|dff_enrst:inst20|inst               ; CLOCK_50     ; CLOCK_50    ; 1.000        ; 0.008      ; 2.811      ;
; -1.768 ; NoteLoader:inst20|data[4] ; shift_reg:inst13|shift_cell:inst5|dff_enrst:inst|inst ; CLOCK_50     ; CLOCK_50    ; 1.000        ; -0.011     ; 2.789      ;
; -1.766 ; Timer:inst23|counter[1]   ; bcd_count2:inst12|dff_enrst:inst5|inst                ; CLOCK_50     ; CLOCK_50    ; 1.000        ; -0.014     ; 2.784      ;
; -1.765 ; Timer:inst23|counter[2]   ; bcd_count2:inst12|dff_enrst:inst8|inst                ; CLOCK_50     ; CLOCK_50    ; 1.000        ; 0.008      ; 2.805      ;
; -1.763 ; Timer:inst23|counter[1]   ; bcd_count2:inst12|dff_enrst:inst19|inst               ; CLOCK_50     ; CLOCK_50    ; 1.000        ; 0.008      ; 2.803      ;
; -1.761 ; Timer:inst23|counter[6]   ; bcd_count2:inst12|dff_enrst:inst20|inst               ; CLOCK_50     ; CLOCK_50    ; 1.000        ; 0.008      ; 2.801      ;
; -1.760 ; Timer:inst23|counter[1]   ; bcd_count2:inst12|dff_enrst:inst18|inst               ; CLOCK_50     ; CLOCK_50    ; 1.000        ; 0.008      ; 2.800      ;
; -1.756 ; Timer:inst23|counter[4]   ; bcd_count2:inst12|dff_enrst:inst5|inst                ; CLOCK_50     ; CLOCK_50    ; 1.000        ; -0.014     ; 2.774      ;
; -1.756 ; Timer:inst23|counter[3]   ; bcd_count2:inst12|dff_enrst:inst5|inst                ; CLOCK_50     ; CLOCK_50    ; 1.000        ; -0.014     ; 2.774      ;
; -1.753 ; Timer:inst23|counter[4]   ; bcd_count2:inst12|dff_enrst:inst19|inst               ; CLOCK_50     ; CLOCK_50    ; 1.000        ; 0.008      ; 2.793      ;
; -1.753 ; Timer:inst23|counter[3]   ; bcd_count2:inst12|dff_enrst:inst19|inst               ; CLOCK_50     ; CLOCK_50    ; 1.000        ; 0.008      ; 2.793      ;
; -1.750 ; Timer:inst23|counter[4]   ; bcd_count2:inst12|dff_enrst:inst18|inst               ; CLOCK_50     ; CLOCK_50    ; 1.000        ; 0.008      ; 2.790      ;
; -1.750 ; Timer:inst23|counter[3]   ; bcd_count2:inst12|dff_enrst:inst18|inst               ; CLOCK_50     ; CLOCK_50    ; 1.000        ; 0.008      ; 2.790      ;
; -1.747 ; NoteLoader:inst20|data[3] ; shift_reg:inst15|shift_cell:inst5|dff_enrst:inst|inst ; CLOCK_50     ; CLOCK_50    ; 1.000        ; -0.013     ; 2.766      ;
; -1.745 ; Timer:inst23|counter[1]   ; bcd_count2:inst12|dff_enrst:inst7|inst                ; CLOCK_50     ; CLOCK_50    ; 1.000        ; -0.014     ; 2.763      ;
; -1.742 ; NoteLoader:inst20|data[3] ; shift_reg:inst14|shift_cell:inst5|dff_enrst:inst|inst ; CLOCK_50     ; CLOCK_50    ; 1.000        ; -0.013     ; 2.761      ;
; -1.742 ; Timer:inst23|counter[2]   ; bcd_count2:inst12|dff_enrst:inst20|inst               ; CLOCK_50     ; CLOCK_50    ; 1.000        ; 0.008      ; 2.782      ;
; -1.740 ; Timer:inst23|counter[5]   ; bcd_count2:inst12|dff_enrst:inst5|inst                ; CLOCK_50     ; CLOCK_50    ; 1.000        ; -0.014     ; 2.758      ;
; -1.737 ; Timer:inst23|counter[5]   ; bcd_count2:inst12|dff_enrst:inst19|inst               ; CLOCK_50     ; CLOCK_50    ; 1.000        ; 0.008      ; 2.777      ;
; -1.736 ; Timer:inst23|counter[8]   ; bcd_count2:inst12|dff_enrst:inst8|inst                ; CLOCK_50     ; CLOCK_50    ; 1.000        ; 0.008      ; 2.776      ;
; -1.735 ; Timer:inst23|counter[4]   ; bcd_count2:inst12|dff_enrst:inst7|inst                ; CLOCK_50     ; CLOCK_50    ; 1.000        ; -0.014     ; 2.753      ;
; -1.735 ; Timer:inst23|counter[3]   ; bcd_count2:inst12|dff_enrst:inst7|inst                ; CLOCK_50     ; CLOCK_50    ; 1.000        ; -0.014     ; 2.753      ;
; -1.734 ; Timer:inst23|counter[5]   ; bcd_count2:inst12|dff_enrst:inst18|inst               ; CLOCK_50     ; CLOCK_50    ; 1.000        ; 0.008      ; 2.774      ;
; -1.727 ; Timer:inst23|counter[7]   ; bcd_count2:inst12|dff_enrst:inst8|inst                ; CLOCK_50     ; CLOCK_50    ; 1.000        ; 0.008      ; 2.767      ;
; -1.719 ; Timer:inst23|counter[5]   ; bcd_count2:inst12|dff_enrst:inst7|inst                ; CLOCK_50     ; CLOCK_50    ; 1.000        ; -0.014     ; 2.737      ;
; -1.718 ; Timer:inst23|counter[15]  ; bcd_count2:inst12|dff_enrst:inst8|inst                ; CLOCK_50     ; CLOCK_50    ; 1.000        ; 0.016      ; 2.766      ;
; -1.718 ; Timer:inst23|counter[9]   ; bcd_count2:inst12|dff_enrst:inst8|inst                ; CLOCK_50     ; CLOCK_50    ; 1.000        ; 0.008      ; 2.758      ;
; -1.715 ; Timer:inst23|counter[11]  ; bcd_count2:inst12|dff_enrst:inst8|inst                ; CLOCK_50     ; CLOCK_50    ; 1.000        ; 0.008      ; 2.755      ;
; -1.713 ; Timer:inst23|counter[8]   ; bcd_count2:inst12|dff_enrst:inst20|inst               ; CLOCK_50     ; CLOCK_50    ; 1.000        ; 0.008      ; 2.753      ;
; -1.708 ; Timer:inst23|counter[13]  ; bcd_count2:inst12|dff_enrst:inst8|inst                ; CLOCK_50     ; CLOCK_50    ; 1.000        ; 0.016      ; 2.756      ;
; -1.704 ; Timer:inst23|counter[7]   ; bcd_count2:inst12|dff_enrst:inst20|inst               ; CLOCK_50     ; CLOCK_50    ; 1.000        ; 0.008      ; 2.744      ;
; -1.696 ; NoteLoader:inst20|data[4] ; shift_reg:inst15|shift_cell:inst5|dff_enrst:inst|inst ; CLOCK_50     ; CLOCK_50    ; 1.000        ; -0.013     ; 2.715      ;
; -1.695 ; Timer:inst23|counter[15]  ; bcd_count2:inst12|dff_enrst:inst20|inst               ; CLOCK_50     ; CLOCK_50    ; 1.000        ; 0.016      ; 2.743      ;
; -1.695 ; Timer:inst23|counter[9]   ; bcd_count2:inst12|dff_enrst:inst20|inst               ; CLOCK_50     ; CLOCK_50    ; 1.000        ; 0.008      ; 2.735      ;
; -1.692 ; Timer:inst23|counter[11]  ; bcd_count2:inst12|dff_enrst:inst20|inst               ; CLOCK_50     ; CLOCK_50    ; 1.000        ; 0.008      ; 2.732      ;
; -1.691 ; NoteLoader:inst20|data[4] ; shift_reg:inst14|shift_cell:inst5|dff_enrst:inst|inst ; CLOCK_50     ; CLOCK_50    ; 1.000        ; -0.013     ; 2.710      ;
; -1.687 ; Timer:inst23|counter[0]   ; bcd_count2:inst12|dff_enrst:inst5|inst                ; CLOCK_50     ; CLOCK_50    ; 1.000        ; -0.014     ; 2.705      ;
; -1.685 ; Timer:inst23|counter[13]  ; bcd_count2:inst12|dff_enrst:inst20|inst               ; CLOCK_50     ; CLOCK_50    ; 1.000        ; 0.016      ; 2.733      ;
; -1.684 ; Timer:inst23|counter[0]   ; bcd_count2:inst12|dff_enrst:inst19|inst               ; CLOCK_50     ; CLOCK_50    ; 1.000        ; 0.008      ; 2.724      ;
; -1.681 ; Timer:inst23|counter[0]   ; bcd_count2:inst12|dff_enrst:inst18|inst               ; CLOCK_50     ; CLOCK_50    ; 1.000        ; 0.008      ; 2.721      ;
; -1.677 ; Timer:inst23|counter[6]   ; bcd_count2:inst12|dff_enrst:inst5|inst                ; CLOCK_50     ; CLOCK_50    ; 1.000        ; -0.014     ; 2.695      ;
; -1.674 ; Timer:inst23|counter[6]   ; bcd_count2:inst12|dff_enrst:inst19|inst               ; CLOCK_50     ; CLOCK_50    ; 1.000        ; 0.008      ; 2.714      ;
; -1.671 ; Timer:inst23|counter[6]   ; bcd_count2:inst12|dff_enrst:inst18|inst               ; CLOCK_50     ; CLOCK_50    ; 1.000        ; 0.008      ; 2.711      ;
; -1.666 ; Timer:inst23|counter[0]   ; bcd_count2:inst12|dff_enrst:inst7|inst                ; CLOCK_50     ; CLOCK_50    ; 1.000        ; -0.014     ; 2.684      ;
; -1.658 ; Timer:inst23|counter[2]   ; bcd_count2:inst12|dff_enrst:inst5|inst                ; CLOCK_50     ; CLOCK_50    ; 1.000        ; -0.014     ; 2.676      ;
; -1.656 ; Timer:inst23|counter[6]   ; bcd_count2:inst12|dff_enrst:inst7|inst                ; CLOCK_50     ; CLOCK_50    ; 1.000        ; -0.014     ; 2.674      ;
; -1.655 ; Timer:inst23|counter[2]   ; bcd_count2:inst12|dff_enrst:inst19|inst               ; CLOCK_50     ; CLOCK_50    ; 1.000        ; 0.008      ; 2.695      ;
; -1.652 ; Timer:inst23|counter[2]   ; bcd_count2:inst12|dff_enrst:inst18|inst               ; CLOCK_50     ; CLOCK_50    ; 1.000        ; 0.008      ; 2.692      ;
; -1.641 ; NoteLoader:inst20|data[2] ; shift_reg:inst13|shift_cell:inst5|dff_enrst:inst|inst ; CLOCK_50     ; CLOCK_50    ; 1.000        ; -0.011     ; 2.662      ;
; -1.640 ; Timer:inst23|counter[14]  ; bcd_count2:inst12|dff_enrst:inst8|inst                ; CLOCK_50     ; CLOCK_50    ; 1.000        ; 0.016      ; 2.688      ;
; -1.637 ; Timer:inst23|counter[2]   ; bcd_count2:inst12|dff_enrst:inst7|inst                ; CLOCK_50     ; CLOCK_50    ; 1.000        ; -0.014     ; 2.655      ;
; -1.629 ; Timer:inst23|counter[8]   ; bcd_count2:inst12|dff_enrst:inst5|inst                ; CLOCK_50     ; CLOCK_50    ; 1.000        ; -0.014     ; 2.647      ;
; -1.626 ; Timer:inst23|counter[8]   ; bcd_count2:inst12|dff_enrst:inst19|inst               ; CLOCK_50     ; CLOCK_50    ; 1.000        ; 0.008      ; 2.666      ;
; -1.623 ; Timer:inst23|counter[8]   ; bcd_count2:inst12|dff_enrst:inst18|inst               ; CLOCK_50     ; CLOCK_50    ; 1.000        ; 0.008      ; 2.663      ;
; -1.621 ; Timer:inst23|counter[10]  ; bcd_count2:inst12|dff_enrst:inst8|inst                ; CLOCK_50     ; CLOCK_50    ; 1.000        ; 0.008      ; 2.661      ;
; -1.620 ; Timer:inst23|counter[7]   ; bcd_count2:inst12|dff_enrst:inst5|inst                ; CLOCK_50     ; CLOCK_50    ; 1.000        ; -0.014     ; 2.638      ;
; -1.617 ; Timer:inst23|counter[7]   ; bcd_count2:inst12|dff_enrst:inst19|inst               ; CLOCK_50     ; CLOCK_50    ; 1.000        ; 0.008      ; 2.657      ;
; -1.617 ; Timer:inst23|counter[14]  ; bcd_count2:inst12|dff_enrst:inst20|inst               ; CLOCK_50     ; CLOCK_50    ; 1.000        ; 0.016      ; 2.665      ;
; -1.614 ; Timer:inst23|counter[7]   ; bcd_count2:inst12|dff_enrst:inst18|inst               ; CLOCK_50     ; CLOCK_50    ; 1.000        ; 0.008      ; 2.654      ;
; -1.611 ; Timer:inst23|counter[15]  ; bcd_count2:inst12|dff_enrst:inst5|inst                ; CLOCK_50     ; CLOCK_50    ; 1.000        ; -0.006     ; 2.637      ;
; -1.611 ; Timer:inst23|counter[9]   ; bcd_count2:inst12|dff_enrst:inst5|inst                ; CLOCK_50     ; CLOCK_50    ; 1.000        ; -0.014     ; 2.629      ;
; -1.608 ; Timer:inst23|counter[15]  ; bcd_count2:inst12|dff_enrst:inst19|inst               ; CLOCK_50     ; CLOCK_50    ; 1.000        ; 0.016      ; 2.656      ;
; -1.608 ; Timer:inst23|counter[8]   ; bcd_count2:inst12|dff_enrst:inst7|inst                ; CLOCK_50     ; CLOCK_50    ; 1.000        ; -0.014     ; 2.626      ;
; -1.608 ; Timer:inst23|counter[11]  ; bcd_count2:inst12|dff_enrst:inst5|inst                ; CLOCK_50     ; CLOCK_50    ; 1.000        ; -0.014     ; 2.626      ;
; -1.608 ; Timer:inst23|counter[9]   ; bcd_count2:inst12|dff_enrst:inst19|inst               ; CLOCK_50     ; CLOCK_50    ; 1.000        ; 0.008      ; 2.648      ;
; -1.605 ; Timer:inst23|counter[15]  ; bcd_count2:inst12|dff_enrst:inst18|inst               ; CLOCK_50     ; CLOCK_50    ; 1.000        ; 0.016      ; 2.653      ;
; -1.605 ; Timer:inst23|counter[11]  ; bcd_count2:inst12|dff_enrst:inst19|inst               ; CLOCK_50     ; CLOCK_50    ; 1.000        ; 0.008      ; 2.645      ;
; -1.605 ; Timer:inst23|counter[9]   ; bcd_count2:inst12|dff_enrst:inst18|inst               ; CLOCK_50     ; CLOCK_50    ; 1.000        ; 0.008      ; 2.645      ;
; -1.602 ; Timer:inst23|counter[11]  ; bcd_count2:inst12|dff_enrst:inst18|inst               ; CLOCK_50     ; CLOCK_50    ; 1.000        ; 0.008      ; 2.642      ;
; -1.601 ; Timer:inst23|counter[13]  ; bcd_count2:inst12|dff_enrst:inst5|inst                ; CLOCK_50     ; CLOCK_50    ; 1.000        ; -0.006     ; 2.627      ;
; -1.599 ; Timer:inst23|counter[20]  ; bcd_count2:inst12|dff_enrst:inst8|inst                ; CLOCK_50     ; CLOCK_50    ; 1.000        ; 0.016      ; 2.647      ;
; -1.599 ; Timer:inst23|counter[7]   ; bcd_count2:inst12|dff_enrst:inst7|inst                ; CLOCK_50     ; CLOCK_50    ; 1.000        ; -0.014     ; 2.617      ;
; -1.599 ; Timer:inst23|counter[12]  ; bcd_count2:inst12|dff_enrst:inst8|inst                ; CLOCK_50     ; CLOCK_50    ; 1.000        ; 0.016      ; 2.647      ;
; -1.598 ; Timer:inst23|counter[10]  ; bcd_count2:inst12|dff_enrst:inst20|inst               ; CLOCK_50     ; CLOCK_50    ; 1.000        ; 0.008      ; 2.638      ;
; -1.598 ; Timer:inst23|counter[13]  ; bcd_count2:inst12|dff_enrst:inst19|inst               ; CLOCK_50     ; CLOCK_50    ; 1.000        ; 0.016      ; 2.646      ;
; -1.595 ; Timer:inst23|counter[13]  ; bcd_count2:inst12|dff_enrst:inst18|inst               ; CLOCK_50     ; CLOCK_50    ; 1.000        ; 0.016      ; 2.643      ;
; -1.590 ; Timer:inst23|counter[15]  ; bcd_count2:inst12|dff_enrst:inst7|inst                ; CLOCK_50     ; CLOCK_50    ; 1.000        ; -0.006     ; 2.616      ;
; -1.590 ; Timer:inst23|counter[9]   ; bcd_count2:inst12|dff_enrst:inst7|inst                ; CLOCK_50     ; CLOCK_50    ; 1.000        ; -0.014     ; 2.608      ;
; -1.590 ; Timer:inst23|counter[21]  ; bcd_count2:inst12|dff_enrst:inst8|inst                ; CLOCK_50     ; CLOCK_50    ; 1.000        ; 0.016      ; 2.638      ;
; -1.587 ; Timer:inst23|counter[11]  ; bcd_count2:inst12|dff_enrst:inst7|inst                ; CLOCK_50     ; CLOCK_50    ; 1.000        ; -0.014     ; 2.605      ;
; -1.580 ; Timer:inst23|counter[1]   ; bcd_count2:inst12|dff_enrst:inst14|inst               ; CLOCK_50     ; CLOCK_50    ; 1.000        ; -0.014     ; 2.598      ;
; -1.580 ; Timer:inst23|counter[13]  ; bcd_count2:inst12|dff_enrst:inst7|inst                ; CLOCK_50     ; CLOCK_50    ; 1.000        ; -0.006     ; 2.606      ;
; -1.576 ; Timer:inst23|counter[20]  ; bcd_count2:inst12|dff_enrst:inst20|inst               ; CLOCK_50     ; CLOCK_50    ; 1.000        ; 0.016      ; 2.624      ;
; -1.576 ; Timer:inst23|counter[12]  ; bcd_count2:inst12|dff_enrst:inst20|inst               ; CLOCK_50     ; CLOCK_50    ; 1.000        ; 0.016      ; 2.624      ;
; -1.570 ; Timer:inst23|counter[4]   ; bcd_count2:inst12|dff_enrst:inst14|inst               ; CLOCK_50     ; CLOCK_50    ; 1.000        ; -0.014     ; 2.588      ;
; -1.570 ; Timer:inst23|counter[3]   ; bcd_count2:inst12|dff_enrst:inst14|inst               ; CLOCK_50     ; CLOCK_50    ; 1.000        ; -0.014     ; 2.588      ;
; -1.569 ; NoteLoader:inst20|data[2] ; shift_reg:inst15|shift_cell:inst5|dff_enrst:inst|inst ; CLOCK_50     ; CLOCK_50    ; 1.000        ; -0.013     ; 2.588      ;
; -1.567 ; Timer:inst23|counter[21]  ; bcd_count2:inst12|dff_enrst:inst20|inst               ; CLOCK_50     ; CLOCK_50    ; 1.000        ; 0.016      ; 2.615      ;
; -1.564 ; NoteLoader:inst20|data[2] ; shift_reg:inst14|shift_cell:inst5|dff_enrst:inst|inst ; CLOCK_50     ; CLOCK_50    ; 1.000        ; -0.013     ; 2.583      ;
+--------+---------------------------+-------------------------------------------------------+--------------+-------------+--------------+------------+------------+


+---------------------------------------------------------------------------------------------------------------------------------------------------------------------------------------------+
; Fast Model Hold: 'CLOCK_50'                                                                                                                                                                 ;
+-------+-------------------------------------------------------+-------------------------------------------------------+--------------+-------------+--------------+------------+------------+
; Slack ; From Node                                             ; To Node                                               ; Launch Clock ; Latch Clock ; Relationship ; Clock Skew ; Data Delay ;
+-------+-------------------------------------------------------+-------------------------------------------------------+--------------+-------------+--------------+------------+------------+
; 0.215 ; NoteLoader:inst20|data[3]                             ; NoteLoader:inst20|data[3]                             ; CLOCK_50     ; CLOCK_50    ; 0.000        ; 0.000      ; 0.367      ;
; 0.215 ; NoteLoader:inst20|data[4]                             ; NoteLoader:inst20|data[4]                             ; CLOCK_50     ; CLOCK_50    ; 0.000        ; 0.000      ; 0.367      ;
; 0.215 ; NoteLoader:inst20|data[2]                             ; NoteLoader:inst20|data[2]                             ; CLOCK_50     ; CLOCK_50    ; 0.000        ; 0.000      ; 0.367      ;
; 0.215 ; NoteLoader:inst20|data[1]                             ; NoteLoader:inst20|data[1]                             ; CLOCK_50     ; CLOCK_50    ; 0.000        ; 0.000      ; 0.367      ;
; 0.215 ; NoteLoader:inst20|data[0]                             ; NoteLoader:inst20|data[0]                             ; CLOCK_50     ; CLOCK_50    ; 0.000        ; 0.000      ; 0.367      ;
; 0.215 ; Timer:inst23|startcounter                             ; Timer:inst23|startcounter                             ; CLOCK_50     ; CLOCK_50    ; 0.000        ; 0.000      ; 0.367      ;
; 0.215 ; bcd_count2:inst11|dff_enrst:inst15|inst               ; bcd_count2:inst11|dff_enrst:inst15|inst               ; CLOCK_50     ; CLOCK_50    ; 0.000        ; 0.000      ; 0.367      ;
; 0.215 ; bcd_count2:inst11|dff_enrst:inst14|inst               ; bcd_count2:inst11|dff_enrst:inst14|inst               ; CLOCK_50     ; CLOCK_50    ; 0.000        ; 0.000      ; 0.367      ;
; 0.215 ; bcd_count2:inst11|dff_enrst:inst19|inst               ; bcd_count2:inst11|dff_enrst:inst19|inst               ; CLOCK_50     ; CLOCK_50    ; 0.000        ; 0.000      ; 0.367      ;
; 0.215 ; bcd_count2:inst11|dff_enrst:inst18|inst               ; bcd_count2:inst11|dff_enrst:inst18|inst               ; CLOCK_50     ; CLOCK_50    ; 0.000        ; 0.000      ; 0.367      ;
; 0.215 ; bcd_count2:inst11|dff_enrst:inst8|inst                ; bcd_count2:inst11|dff_enrst:inst8|inst                ; CLOCK_50     ; CLOCK_50    ; 0.000        ; 0.000      ; 0.367      ;
; 0.215 ; bcd_count2:inst12|dff_enrst:inst14|inst               ; bcd_count2:inst12|dff_enrst:inst14|inst               ; CLOCK_50     ; CLOCK_50    ; 0.000        ; 0.000      ; 0.367      ;
; 0.215 ; bcd_count2:inst12|dff_enrst:inst5|inst                ; bcd_count2:inst12|dff_enrst:inst5|inst                ; CLOCK_50     ; CLOCK_50    ; 0.000        ; 0.000      ; 0.367      ;
; 0.215 ; bcd_count2:inst12|dff_enrst:inst19|inst               ; bcd_count2:inst12|dff_enrst:inst19|inst               ; CLOCK_50     ; CLOCK_50    ; 0.000        ; 0.000      ; 0.367      ;
; 0.215 ; bcd_count2:inst12|dff_enrst:inst18|inst               ; bcd_count2:inst12|dff_enrst:inst18|inst               ; CLOCK_50     ; CLOCK_50    ; 0.000        ; 0.000      ; 0.367      ;
; 0.215 ; bcd_count2:inst12|dff_enrst:inst8|inst                ; bcd_count2:inst12|dff_enrst:inst8|inst                ; CLOCK_50     ; CLOCK_50    ; 0.000        ; 0.000      ; 0.367      ;
; 0.215 ; control:inst27|inst10                                 ; control:inst27|inst10                                 ; CLOCK_50     ; CLOCK_50    ; 0.000        ; 0.000      ; 0.367      ;
; 0.215 ; control:inst27|inst                                   ; control:inst27|inst                                   ; CLOCK_50     ; CLOCK_50    ; 0.000        ; 0.000      ; 0.367      ;
; 0.215 ; bcd_count2:inst12|dff_enrst:inst15|inst               ; bcd_count2:inst12|dff_enrst:inst15|inst               ; CLOCK_50     ; CLOCK_50    ; 0.000        ; 0.000      ; 0.367      ;
; 0.246 ; NoteLoader:inst20|data[0]                             ; NoteLoader:inst20|data[1]                             ; CLOCK_50     ; CLOCK_50    ; 0.000        ; 0.000      ; 0.398      ;
; 0.247 ; edge_det:inst|inst                                    ; edge_det:inst|inst2                                   ; CLOCK_50     ; CLOCK_50    ; 0.000        ; 0.000      ; 0.399      ;
; 0.247 ; NoteLoader:inst20|data[0]                             ; NoteLoader:inst20|data[3]                             ; CLOCK_50     ; CLOCK_50    ; 0.000        ; 0.000      ; 0.399      ;
; 0.251 ; edge_det:inst19|inst                                  ; control:inst27|inst                                   ; CLOCK_50     ; CLOCK_50    ; 0.000        ; 0.000      ; 0.403      ;
; 0.304 ; control:inst27|inst                                   ; control:inst27|inst7                                  ; CLOCK_50     ; CLOCK_50    ; 0.000        ; 0.000      ; 0.456      ;
; 0.323 ; edge_det:inst2|inst                                   ; edge_det:inst2|inst2                                  ; CLOCK_50     ; CLOCK_50    ; 0.000        ; 0.000      ; 0.475      ;
; 0.329 ; NoteLoader:inst20|data[3]                             ; NoteLoader:inst20|data[0]                             ; CLOCK_50     ; CLOCK_50    ; 0.000        ; 0.000      ; 0.481      ;
; 0.357 ; Timer:inst23|counter[12]                              ; Timer:inst23|counter[12]                              ; CLOCK_50     ; CLOCK_50    ; 0.000        ; 0.000      ; 0.509      ;
; 0.360 ; control:inst27|inst7                                  ; control:inst27|inst10                                 ; CLOCK_50     ; CLOCK_50    ; 0.000        ; 0.000      ; 0.512      ;
; 0.361 ; Timer:inst23|counter[5]                               ; Timer:inst23|counter[5]                               ; CLOCK_50     ; CLOCK_50    ; 0.000        ; 0.000      ; 0.513      ;
; 0.362 ; shift_reg:inst15|shift_cell:inst4|dff_enrst:inst|inst ; shift_reg:inst15|shift_cell:inst2|dff_enrst:inst|inst ; CLOCK_50     ; CLOCK_50    ; 0.000        ; 0.000      ; 0.514      ;
; 0.362 ; Timer:inst23|counter[7]                               ; Timer:inst23|counter[7]                               ; CLOCK_50     ; CLOCK_50    ; 0.000        ; 0.000      ; 0.514      ;
; 0.362 ; Timer:inst23|counter[9]                               ; Timer:inst23|counter[9]                               ; CLOCK_50     ; CLOCK_50    ; 0.000        ; 0.000      ; 0.514      ;
; 0.363 ; Timer:inst23|counter[3]                               ; Timer:inst23|counter[3]                               ; CLOCK_50     ; CLOCK_50    ; 0.000        ; 0.000      ; 0.515      ;
; 0.363 ; Timer:inst23|counter[10]                              ; Timer:inst23|counter[10]                              ; CLOCK_50     ; CLOCK_50    ; 0.000        ; 0.000      ; 0.515      ;
; 0.364 ; Timer:inst23|counter[0]                               ; Timer:inst23|counter[0]                               ; CLOCK_50     ; CLOCK_50    ; 0.000        ; 0.000      ; 0.516      ;
; 0.365 ; Timer:inst23|counter[13]                              ; Timer:inst23|counter[13]                              ; CLOCK_50     ; CLOCK_50    ; 0.000        ; 0.000      ; 0.517      ;
; 0.366 ; Timer:inst23|counter[21]                              ; Timer:inst23|counter[21]                              ; CLOCK_50     ; CLOCK_50    ; 0.000        ; 0.000      ; 0.518      ;
; 0.366 ; edge_det:inst19|inst2                                 ; control:inst27|inst                                   ; CLOCK_50     ; CLOCK_50    ; 0.000        ; 0.000      ; 0.518      ;
; 0.367 ; Timer:inst23|counter[14]                              ; Timer:inst23|counter[14]                              ; CLOCK_50     ; CLOCK_50    ; 0.000        ; 0.000      ; 0.519      ;
; 0.367 ; Timer:inst23|counter[23]                              ; Timer:inst23|counter[23]                              ; CLOCK_50     ; CLOCK_50    ; 0.000        ; 0.000      ; 0.519      ;
; 0.368 ; Timer:inst23|counter[16]                              ; Timer:inst23|counter[16]                              ; CLOCK_50     ; CLOCK_50    ; 0.000        ; 0.000      ; 0.520      ;
; 0.368 ; Timer:inst23|counter[19]                              ; Timer:inst23|counter[19]                              ; CLOCK_50     ; CLOCK_50    ; 0.000        ; 0.000      ; 0.520      ;
; 0.374 ; Timer:inst23|counter[1]                               ; Timer:inst23|counter[1]                               ; CLOCK_50     ; CLOCK_50    ; 0.000        ; 0.000      ; 0.526      ;
; 0.374 ; Timer:inst23|counter[2]                               ; Timer:inst23|counter[2]                               ; CLOCK_50     ; CLOCK_50    ; 0.000        ; 0.000      ; 0.526      ;
; 0.374 ; control:inst27|inst12                                 ; Timer:inst23|startcounter                             ; CLOCK_50     ; CLOCK_50    ; 0.000        ; 0.000      ; 0.526      ;
; 0.375 ; edge_det:inst19|inst                                  ; edge_det:inst19|inst2                                 ; CLOCK_50     ; CLOCK_50    ; 0.000        ; 0.000      ; 0.527      ;
; 0.375 ; Timer:inst23|counter[20]                              ; Timer:inst23|counter[20]                              ; CLOCK_50     ; CLOCK_50    ; 0.000        ; 0.000      ; 0.527      ;
; 0.376 ; Timer:inst23|counter[4]                               ; Timer:inst23|counter[4]                               ; CLOCK_50     ; CLOCK_50    ; 0.000        ; 0.000      ; 0.528      ;
; 0.376 ; Timer:inst23|counter[22]                              ; Timer:inst23|counter[22]                              ; CLOCK_50     ; CLOCK_50    ; 0.000        ; 0.000      ; 0.528      ;
; 0.376 ; Timer:inst23|counter[24]                              ; Timer:inst23|counter[24]                              ; CLOCK_50     ; CLOCK_50    ; 0.000        ; 0.000      ; 0.528      ;
; 0.377 ; Timer:inst23|counter[15]                              ; Timer:inst23|counter[15]                              ; CLOCK_50     ; CLOCK_50    ; 0.000        ; 0.000      ; 0.529      ;
; 0.378 ; Timer:inst23|counter[6]                               ; Timer:inst23|counter[6]                               ; CLOCK_50     ; CLOCK_50    ; 0.000        ; 0.000      ; 0.530      ;
; 0.378 ; Timer:inst23|counter[8]                               ; Timer:inst23|counter[8]                               ; CLOCK_50     ; CLOCK_50    ; 0.000        ; 0.000      ; 0.530      ;
; 0.378 ; Timer:inst23|counter[17]                              ; Timer:inst23|counter[17]                              ; CLOCK_50     ; CLOCK_50    ; 0.000        ; 0.000      ; 0.530      ;
; 0.378 ; Timer:inst23|counter[18]                              ; Timer:inst23|counter[18]                              ; CLOCK_50     ; CLOCK_50    ; 0.000        ; 0.000      ; 0.530      ;
; 0.378 ; shift_reg:inst16|shift_cell:inst4|dff_enrst:inst|inst ; shift_reg:inst16|shift_cell:inst2|dff_enrst:inst|inst ; CLOCK_50     ; CLOCK_50    ; 0.000        ; 0.000      ; 0.530      ;
; 0.385 ; edge_det:inst1|inst                                   ; control:inst27|inst8                                  ; CLOCK_50     ; CLOCK_50    ; 0.000        ; 0.000      ; 0.537      ;
; 0.391 ; shift_reg:inst13|shift_cell:inst5|dff_enrst:inst|inst ; shift_reg:inst13|shift_cell:inst4|dff_enrst:inst|inst ; CLOCK_50     ; CLOCK_50    ; 0.000        ; 0.000      ; 0.543      ;
; 0.413 ; control:inst27|inst9                                  ; control:inst27|inst9                                  ; CLOCK_50     ; CLOCK_50    ; 0.000        ; 0.000      ; 0.565      ;
; 0.421 ; edge_det:inst1|inst                                   ; edge_det:inst1|inst2                                  ; CLOCK_50     ; CLOCK_50    ; 0.000        ; 0.000      ; 0.573      ;
; 0.434 ; control:inst27|inst                                   ; bcd_count2:inst12|dff_enrst:inst15|inst               ; CLOCK_50     ; CLOCK_50    ; 0.000        ; 0.000      ; 0.586      ;
; 0.440 ; Timer:inst23|counter[11]                              ; Timer:inst23|counter[11]                              ; CLOCK_50     ; CLOCK_50    ; 0.000        ; 0.000      ; 0.592      ;
; 0.446 ; NoteLoader:inst20|data[2]                             ; NoteLoader:inst20|data[1]                             ; CLOCK_50     ; CLOCK_50    ; 0.000        ; 0.000      ; 0.598      ;
; 0.454 ; shift_reg:inst15|shift_cell:inst5|dff_enrst:inst|inst ; shift_reg:inst15|shift_cell:inst4|dff_enrst:inst|inst ; CLOCK_50     ; CLOCK_50    ; 0.000        ; 0.002      ; 0.608      ;
; 0.456 ; shift_reg:inst14|shift_cell:inst4|dff_enrst:inst|inst ; shift_reg:inst14|shift_cell:inst2|dff_enrst:inst|inst ; CLOCK_50     ; CLOCK_50    ; 0.000        ; 0.000      ; 0.608      ;
; 0.456 ; shift_reg:inst13|shift_cell:inst4|dff_enrst:inst|inst ; shift_reg:inst13|shift_cell:inst2|dff_enrst:inst|inst ; CLOCK_50     ; CLOCK_50    ; 0.000        ; 0.000      ; 0.608      ;
; 0.456 ; NoteLoader:inst20|data[1]                             ; NoteLoader:inst20|data[4]                             ; CLOCK_50     ; CLOCK_50    ; 0.000        ; 0.000      ; 0.608      ;
; 0.456 ; NoteLoader:inst20|data[1]                             ; NoteLoader:inst20|data[2]                             ; CLOCK_50     ; CLOCK_50    ; 0.000        ; 0.000      ; 0.608      ;
; 0.457 ; NoteLoader:inst20|data[1]                             ; NoteLoader:inst20|data[0]                             ; CLOCK_50     ; CLOCK_50    ; 0.000        ; 0.000      ; 0.609      ;
; 0.461 ; control:inst27|inst12                                 ; control:inst27|inst11                                 ; CLOCK_50     ; CLOCK_50    ; 0.000        ; 0.001      ; 0.614      ;
; 0.461 ; control:inst27|inst12                                 ; control:inst27|inst8                                  ; CLOCK_50     ; CLOCK_50    ; 0.000        ; 0.001      ; 0.614      ;
; 0.465 ; control:inst27|inst12                                 ; control:inst27|inst9                                  ; CLOCK_50     ; CLOCK_50    ; 0.000        ; 0.001      ; 0.618      ;
; 0.490 ; shift_reg:inst14|shift_cell:inst5|dff_enrst:inst|inst ; shift_reg:inst14|shift_cell:inst4|dff_enrst:inst|inst ; CLOCK_50     ; CLOCK_50    ; 0.000        ; 0.002      ; 0.644      ;
; 0.494 ; shift_reg:inst13|shift_cell:inst2|dff_enrst:inst|inst ; control:inst27|inst9                                  ; CLOCK_50     ; CLOCK_50    ; 0.000        ; 0.011      ; 0.657      ;
; 0.495 ; Timer:inst23|counter[12]                              ; Timer:inst23|counter[13]                              ; CLOCK_50     ; CLOCK_50    ; 0.000        ; 0.000      ; 0.647      ;
; 0.497 ; edge_det:inst1|inst2                                  ; control:inst27|inst8                                  ; CLOCK_50     ; CLOCK_50    ; 0.000        ; 0.000      ; 0.649      ;
; 0.499 ; Timer:inst23|counter[5]                               ; Timer:inst23|counter[6]                               ; CLOCK_50     ; CLOCK_50    ; 0.000        ; 0.000      ; 0.651      ;
; 0.500 ; Timer:inst23|counter[9]                               ; Timer:inst23|counter[10]                              ; CLOCK_50     ; CLOCK_50    ; 0.000        ; 0.000      ; 0.652      ;
; 0.500 ; Timer:inst23|counter[7]                               ; Timer:inst23|counter[8]                               ; CLOCK_50     ; CLOCK_50    ; 0.000        ; 0.000      ; 0.652      ;
; 0.501 ; Timer:inst23|counter[10]                              ; Timer:inst23|counter[11]                              ; CLOCK_50     ; CLOCK_50    ; 0.000        ; 0.000      ; 0.653      ;
; 0.502 ; Timer:inst23|counter[0]                               ; Timer:inst23|counter[1]                               ; CLOCK_50     ; CLOCK_50    ; 0.000        ; 0.000      ; 0.654      ;
; 0.503 ; Timer:inst23|counter[13]                              ; Timer:inst23|counter[14]                              ; CLOCK_50     ; CLOCK_50    ; 0.000        ; 0.000      ; 0.655      ;
; 0.504 ; Timer:inst23|counter[21]                              ; Timer:inst23|counter[22]                              ; CLOCK_50     ; CLOCK_50    ; 0.000        ; 0.000      ; 0.656      ;
; 0.505 ; Timer:inst23|counter[23]                              ; Timer:inst23|counter[24]                              ; CLOCK_50     ; CLOCK_50    ; 0.000        ; 0.000      ; 0.657      ;
; 0.505 ; Timer:inst23|counter[14]                              ; Timer:inst23|counter[15]                              ; CLOCK_50     ; CLOCK_50    ; 0.000        ; 0.000      ; 0.657      ;
; 0.506 ; Timer:inst23|counter[16]                              ; Timer:inst23|counter[17]                              ; CLOCK_50     ; CLOCK_50    ; 0.000        ; 0.000      ; 0.658      ;
; 0.514 ; Timer:inst23|counter[2]                               ; Timer:inst23|counter[3]                               ; CLOCK_50     ; CLOCK_50    ; 0.000        ; 0.000      ; 0.666      ;
; 0.514 ; Timer:inst23|counter[1]                               ; Timer:inst23|counter[2]                               ; CLOCK_50     ; CLOCK_50    ; 0.000        ; 0.000      ; 0.666      ;
; 0.515 ; Timer:inst23|counter[20]                              ; Timer:inst23|counter[21]                              ; CLOCK_50     ; CLOCK_50    ; 0.000        ; 0.000      ; 0.667      ;
; 0.516 ; Timer:inst23|counter[4]                               ; Timer:inst23|counter[5]                               ; CLOCK_50     ; CLOCK_50    ; 0.000        ; 0.000      ; 0.668      ;
; 0.516 ; Timer:inst23|counter[22]                              ; Timer:inst23|counter[23]                              ; CLOCK_50     ; CLOCK_50    ; 0.000        ; 0.000      ; 0.668      ;
; 0.517 ; Timer:inst23|counter[15]                              ; Timer:inst23|counter[16]                              ; CLOCK_50     ; CLOCK_50    ; 0.000        ; 0.000      ; 0.669      ;
; 0.518 ; Timer:inst23|counter[6]                               ; Timer:inst23|counter[7]                               ; CLOCK_50     ; CLOCK_50    ; 0.000        ; 0.000      ; 0.670      ;
; 0.518 ; Timer:inst23|counter[8]                               ; Timer:inst23|counter[9]                               ; CLOCK_50     ; CLOCK_50    ; 0.000        ; 0.000      ; 0.670      ;
; 0.518 ; Timer:inst23|counter[18]                              ; Timer:inst23|counter[19]                              ; CLOCK_50     ; CLOCK_50    ; 0.000        ; 0.000      ; 0.670      ;
; 0.518 ; Timer:inst23|counter[17]                              ; Timer:inst23|counter[18]                              ; CLOCK_50     ; CLOCK_50    ; 0.000        ; 0.000      ; 0.670      ;
; 0.523 ; control:inst27|inst11                                 ; bcd_count2:inst12|dff_enrst:inst15|inst               ; CLOCK_50     ; CLOCK_50    ; 0.000        ; -0.001     ; 0.674      ;
; 0.525 ; edge_det:inst|inst2                                   ; control:inst27|inst9                                  ; CLOCK_50     ; CLOCK_50    ; 0.000        ; 0.000      ; 0.677      ;
; 0.530 ; Timer:inst23|counter[12]                              ; Timer:inst23|counter[14]                              ; CLOCK_50     ; CLOCK_50    ; 0.000        ; 0.000      ; 0.682      ;
; 0.534 ; Timer:inst23|counter[5]                               ; Timer:inst23|counter[7]                               ; CLOCK_50     ; CLOCK_50    ; 0.000        ; 0.000      ; 0.686      ;
+-------+-------------------------------------------------------+-------------------------------------------------------+--------------+-------------+--------------+------------+------------+


+-----------------------------------------------------------------------------------------------------------------------------+
; Fast Model Minimum Pulse Width: 'CLOCK_50'                                                                                  ;
+--------+--------------+----------------+------------------+----------+------------+-----------------------------------------+
; Slack  ; Actual Width ; Required Width ; Type             ; Clock    ; Clock Edge ; Target                                  ;
+--------+--------------+----------------+------------------+----------+------------+-----------------------------------------+
; -1.380 ; 1.000        ; 2.380          ; Port Rate        ; CLOCK_50 ; Rise       ; CLOCK_50                                ;
; -0.500 ; 0.500        ; 1.000          ; High Pulse Width ; CLOCK_50 ; Rise       ; NoteLoader:inst20|data[0]               ;
; -0.500 ; 0.500        ; 1.000          ; Low Pulse Width  ; CLOCK_50 ; Rise       ; NoteLoader:inst20|data[0]               ;
; -0.500 ; 0.500        ; 1.000          ; High Pulse Width ; CLOCK_50 ; Rise       ; NoteLoader:inst20|data[1]               ;
; -0.500 ; 0.500        ; 1.000          ; Low Pulse Width  ; CLOCK_50 ; Rise       ; NoteLoader:inst20|data[1]               ;
; -0.500 ; 0.500        ; 1.000          ; High Pulse Width ; CLOCK_50 ; Rise       ; NoteLoader:inst20|data[2]               ;
; -0.500 ; 0.500        ; 1.000          ; Low Pulse Width  ; CLOCK_50 ; Rise       ; NoteLoader:inst20|data[2]               ;
; -0.500 ; 0.500        ; 1.000          ; High Pulse Width ; CLOCK_50 ; Rise       ; NoteLoader:inst20|data[3]               ;
; -0.500 ; 0.500        ; 1.000          ; Low Pulse Width  ; CLOCK_50 ; Rise       ; NoteLoader:inst20|data[3]               ;
; -0.500 ; 0.500        ; 1.000          ; High Pulse Width ; CLOCK_50 ; Rise       ; NoteLoader:inst20|data[4]               ;
; -0.500 ; 0.500        ; 1.000          ; Low Pulse Width  ; CLOCK_50 ; Rise       ; NoteLoader:inst20|data[4]               ;
; -0.500 ; 0.500        ; 1.000          ; High Pulse Width ; CLOCK_50 ; Rise       ; Timer:inst23|counter[0]                 ;
; -0.500 ; 0.500        ; 1.000          ; Low Pulse Width  ; CLOCK_50 ; Rise       ; Timer:inst23|counter[0]                 ;
; -0.500 ; 0.500        ; 1.000          ; High Pulse Width ; CLOCK_50 ; Rise       ; Timer:inst23|counter[10]                ;
; -0.500 ; 0.500        ; 1.000          ; Low Pulse Width  ; CLOCK_50 ; Rise       ; Timer:inst23|counter[10]                ;
; -0.500 ; 0.500        ; 1.000          ; High Pulse Width ; CLOCK_50 ; Rise       ; Timer:inst23|counter[11]                ;
; -0.500 ; 0.500        ; 1.000          ; Low Pulse Width  ; CLOCK_50 ; Rise       ; Timer:inst23|counter[11]                ;
; -0.500 ; 0.500        ; 1.000          ; High Pulse Width ; CLOCK_50 ; Rise       ; Timer:inst23|counter[12]                ;
; -0.500 ; 0.500        ; 1.000          ; Low Pulse Width  ; CLOCK_50 ; Rise       ; Timer:inst23|counter[12]                ;
; -0.500 ; 0.500        ; 1.000          ; High Pulse Width ; CLOCK_50 ; Rise       ; Timer:inst23|counter[13]                ;
; -0.500 ; 0.500        ; 1.000          ; Low Pulse Width  ; CLOCK_50 ; Rise       ; Timer:inst23|counter[13]                ;
; -0.500 ; 0.500        ; 1.000          ; High Pulse Width ; CLOCK_50 ; Rise       ; Timer:inst23|counter[14]                ;
; -0.500 ; 0.500        ; 1.000          ; Low Pulse Width  ; CLOCK_50 ; Rise       ; Timer:inst23|counter[14]                ;
; -0.500 ; 0.500        ; 1.000          ; High Pulse Width ; CLOCK_50 ; Rise       ; Timer:inst23|counter[15]                ;
; -0.500 ; 0.500        ; 1.000          ; Low Pulse Width  ; CLOCK_50 ; Rise       ; Timer:inst23|counter[15]                ;
; -0.500 ; 0.500        ; 1.000          ; High Pulse Width ; CLOCK_50 ; Rise       ; Timer:inst23|counter[16]                ;
; -0.500 ; 0.500        ; 1.000          ; Low Pulse Width  ; CLOCK_50 ; Rise       ; Timer:inst23|counter[16]                ;
; -0.500 ; 0.500        ; 1.000          ; High Pulse Width ; CLOCK_50 ; Rise       ; Timer:inst23|counter[17]                ;
; -0.500 ; 0.500        ; 1.000          ; Low Pulse Width  ; CLOCK_50 ; Rise       ; Timer:inst23|counter[17]                ;
; -0.500 ; 0.500        ; 1.000          ; High Pulse Width ; CLOCK_50 ; Rise       ; Timer:inst23|counter[18]                ;
; -0.500 ; 0.500        ; 1.000          ; Low Pulse Width  ; CLOCK_50 ; Rise       ; Timer:inst23|counter[18]                ;
; -0.500 ; 0.500        ; 1.000          ; High Pulse Width ; CLOCK_50 ; Rise       ; Timer:inst23|counter[19]                ;
; -0.500 ; 0.500        ; 1.000          ; Low Pulse Width  ; CLOCK_50 ; Rise       ; Timer:inst23|counter[19]                ;
; -0.500 ; 0.500        ; 1.000          ; High Pulse Width ; CLOCK_50 ; Rise       ; Timer:inst23|counter[1]                 ;
; -0.500 ; 0.500        ; 1.000          ; Low Pulse Width  ; CLOCK_50 ; Rise       ; Timer:inst23|counter[1]                 ;
; -0.500 ; 0.500        ; 1.000          ; High Pulse Width ; CLOCK_50 ; Rise       ; Timer:inst23|counter[20]                ;
; -0.500 ; 0.500        ; 1.000          ; Low Pulse Width  ; CLOCK_50 ; Rise       ; Timer:inst23|counter[20]                ;
; -0.500 ; 0.500        ; 1.000          ; High Pulse Width ; CLOCK_50 ; Rise       ; Timer:inst23|counter[21]                ;
; -0.500 ; 0.500        ; 1.000          ; Low Pulse Width  ; CLOCK_50 ; Rise       ; Timer:inst23|counter[21]                ;
; -0.500 ; 0.500        ; 1.000          ; High Pulse Width ; CLOCK_50 ; Rise       ; Timer:inst23|counter[22]                ;
; -0.500 ; 0.500        ; 1.000          ; Low Pulse Width  ; CLOCK_50 ; Rise       ; Timer:inst23|counter[22]                ;
; -0.500 ; 0.500        ; 1.000          ; High Pulse Width ; CLOCK_50 ; Rise       ; Timer:inst23|counter[23]                ;
; -0.500 ; 0.500        ; 1.000          ; Low Pulse Width  ; CLOCK_50 ; Rise       ; Timer:inst23|counter[23]                ;
; -0.500 ; 0.500        ; 1.000          ; High Pulse Width ; CLOCK_50 ; Rise       ; Timer:inst23|counter[24]                ;
; -0.500 ; 0.500        ; 1.000          ; Low Pulse Width  ; CLOCK_50 ; Rise       ; Timer:inst23|counter[24]                ;
; -0.500 ; 0.500        ; 1.000          ; High Pulse Width ; CLOCK_50 ; Rise       ; Timer:inst23|counter[2]                 ;
; -0.500 ; 0.500        ; 1.000          ; Low Pulse Width  ; CLOCK_50 ; Rise       ; Timer:inst23|counter[2]                 ;
; -0.500 ; 0.500        ; 1.000          ; High Pulse Width ; CLOCK_50 ; Rise       ; Timer:inst23|counter[3]                 ;
; -0.500 ; 0.500        ; 1.000          ; Low Pulse Width  ; CLOCK_50 ; Rise       ; Timer:inst23|counter[3]                 ;
; -0.500 ; 0.500        ; 1.000          ; High Pulse Width ; CLOCK_50 ; Rise       ; Timer:inst23|counter[4]                 ;
; -0.500 ; 0.500        ; 1.000          ; Low Pulse Width  ; CLOCK_50 ; Rise       ; Timer:inst23|counter[4]                 ;
; -0.500 ; 0.500        ; 1.000          ; High Pulse Width ; CLOCK_50 ; Rise       ; Timer:inst23|counter[5]                 ;
; -0.500 ; 0.500        ; 1.000          ; Low Pulse Width  ; CLOCK_50 ; Rise       ; Timer:inst23|counter[5]                 ;
; -0.500 ; 0.500        ; 1.000          ; High Pulse Width ; CLOCK_50 ; Rise       ; Timer:inst23|counter[6]                 ;
; -0.500 ; 0.500        ; 1.000          ; Low Pulse Width  ; CLOCK_50 ; Rise       ; Timer:inst23|counter[6]                 ;
; -0.500 ; 0.500        ; 1.000          ; High Pulse Width ; CLOCK_50 ; Rise       ; Timer:inst23|counter[7]                 ;
; -0.500 ; 0.500        ; 1.000          ; Low Pulse Width  ; CLOCK_50 ; Rise       ; Timer:inst23|counter[7]                 ;
; -0.500 ; 0.500        ; 1.000          ; High Pulse Width ; CLOCK_50 ; Rise       ; Timer:inst23|counter[8]                 ;
; -0.500 ; 0.500        ; 1.000          ; Low Pulse Width  ; CLOCK_50 ; Rise       ; Timer:inst23|counter[8]                 ;
; -0.500 ; 0.500        ; 1.000          ; High Pulse Width ; CLOCK_50 ; Rise       ; Timer:inst23|counter[9]                 ;
; -0.500 ; 0.500        ; 1.000          ; Low Pulse Width  ; CLOCK_50 ; Rise       ; Timer:inst23|counter[9]                 ;
; -0.500 ; 0.500        ; 1.000          ; High Pulse Width ; CLOCK_50 ; Rise       ; Timer:inst23|startcounter               ;
; -0.500 ; 0.500        ; 1.000          ; Low Pulse Width  ; CLOCK_50 ; Rise       ; Timer:inst23|startcounter               ;
; -0.500 ; 0.500        ; 1.000          ; High Pulse Width ; CLOCK_50 ; Rise       ; bcd_count2:inst11|dff_enrst:inst14|inst ;
; -0.500 ; 0.500        ; 1.000          ; Low Pulse Width  ; CLOCK_50 ; Rise       ; bcd_count2:inst11|dff_enrst:inst14|inst ;
; -0.500 ; 0.500        ; 1.000          ; High Pulse Width ; CLOCK_50 ; Rise       ; bcd_count2:inst11|dff_enrst:inst15|inst ;
; -0.500 ; 0.500        ; 1.000          ; Low Pulse Width  ; CLOCK_50 ; Rise       ; bcd_count2:inst11|dff_enrst:inst15|inst ;
; -0.500 ; 0.500        ; 1.000          ; High Pulse Width ; CLOCK_50 ; Rise       ; bcd_count2:inst11|dff_enrst:inst18|inst ;
; -0.500 ; 0.500        ; 1.000          ; Low Pulse Width  ; CLOCK_50 ; Rise       ; bcd_count2:inst11|dff_enrst:inst18|inst ;
; -0.500 ; 0.500        ; 1.000          ; High Pulse Width ; CLOCK_50 ; Rise       ; bcd_count2:inst11|dff_enrst:inst19|inst ;
; -0.500 ; 0.500        ; 1.000          ; Low Pulse Width  ; CLOCK_50 ; Rise       ; bcd_count2:inst11|dff_enrst:inst19|inst ;
; -0.500 ; 0.500        ; 1.000          ; High Pulse Width ; CLOCK_50 ; Rise       ; bcd_count2:inst11|dff_enrst:inst20|inst ;
; -0.500 ; 0.500        ; 1.000          ; Low Pulse Width  ; CLOCK_50 ; Rise       ; bcd_count2:inst11|dff_enrst:inst20|inst ;
; -0.500 ; 0.500        ; 1.000          ; High Pulse Width ; CLOCK_50 ; Rise       ; bcd_count2:inst11|dff_enrst:inst5|inst  ;
; -0.500 ; 0.500        ; 1.000          ; Low Pulse Width  ; CLOCK_50 ; Rise       ; bcd_count2:inst11|dff_enrst:inst5|inst  ;
; -0.500 ; 0.500        ; 1.000          ; High Pulse Width ; CLOCK_50 ; Rise       ; bcd_count2:inst11|dff_enrst:inst7|inst  ;
; -0.500 ; 0.500        ; 1.000          ; Low Pulse Width  ; CLOCK_50 ; Rise       ; bcd_count2:inst11|dff_enrst:inst7|inst  ;
; -0.500 ; 0.500        ; 1.000          ; High Pulse Width ; CLOCK_50 ; Rise       ; bcd_count2:inst11|dff_enrst:inst8|inst  ;
; -0.500 ; 0.500        ; 1.000          ; Low Pulse Width  ; CLOCK_50 ; Rise       ; bcd_count2:inst11|dff_enrst:inst8|inst  ;
; -0.500 ; 0.500        ; 1.000          ; High Pulse Width ; CLOCK_50 ; Rise       ; bcd_count2:inst12|dff_enrst:inst14|inst ;
; -0.500 ; 0.500        ; 1.000          ; Low Pulse Width  ; CLOCK_50 ; Rise       ; bcd_count2:inst12|dff_enrst:inst14|inst ;
; -0.500 ; 0.500        ; 1.000          ; High Pulse Width ; CLOCK_50 ; Rise       ; bcd_count2:inst12|dff_enrst:inst15|inst ;
; -0.500 ; 0.500        ; 1.000          ; Low Pulse Width  ; CLOCK_50 ; Rise       ; bcd_count2:inst12|dff_enrst:inst15|inst ;
; -0.500 ; 0.500        ; 1.000          ; High Pulse Width ; CLOCK_50 ; Rise       ; bcd_count2:inst12|dff_enrst:inst18|inst ;
; -0.500 ; 0.500        ; 1.000          ; Low Pulse Width  ; CLOCK_50 ; Rise       ; bcd_count2:inst12|dff_enrst:inst18|inst ;
; -0.500 ; 0.500        ; 1.000          ; High Pulse Width ; CLOCK_50 ; Rise       ; bcd_count2:inst12|dff_enrst:inst19|inst ;
; -0.500 ; 0.500        ; 1.000          ; Low Pulse Width  ; CLOCK_50 ; Rise       ; bcd_count2:inst12|dff_enrst:inst19|inst ;
; -0.500 ; 0.500        ; 1.000          ; High Pulse Width ; CLOCK_50 ; Rise       ; bcd_count2:inst12|dff_enrst:inst20|inst ;
; -0.500 ; 0.500        ; 1.000          ; Low Pulse Width  ; CLOCK_50 ; Rise       ; bcd_count2:inst12|dff_enrst:inst20|inst ;
; -0.500 ; 0.500        ; 1.000          ; High Pulse Width ; CLOCK_50 ; Rise       ; bcd_count2:inst12|dff_enrst:inst5|inst  ;
; -0.500 ; 0.500        ; 1.000          ; Low Pulse Width  ; CLOCK_50 ; Rise       ; bcd_count2:inst12|dff_enrst:inst5|inst  ;
; -0.500 ; 0.500        ; 1.000          ; High Pulse Width ; CLOCK_50 ; Rise       ; bcd_count2:inst12|dff_enrst:inst7|inst  ;
; -0.500 ; 0.500        ; 1.000          ; Low Pulse Width  ; CLOCK_50 ; Rise       ; bcd_count2:inst12|dff_enrst:inst7|inst  ;
; -0.500 ; 0.500        ; 1.000          ; High Pulse Width ; CLOCK_50 ; Rise       ; bcd_count2:inst12|dff_enrst:inst8|inst  ;
; -0.500 ; 0.500        ; 1.000          ; Low Pulse Width  ; CLOCK_50 ; Rise       ; bcd_count2:inst12|dff_enrst:inst8|inst  ;
; -0.500 ; 0.500        ; 1.000          ; High Pulse Width ; CLOCK_50 ; Rise       ; control:inst27|inst                     ;
; -0.500 ; 0.500        ; 1.000          ; Low Pulse Width  ; CLOCK_50 ; Rise       ; control:inst27|inst                     ;
; -0.500 ; 0.500        ; 1.000          ; High Pulse Width ; CLOCK_50 ; Rise       ; control:inst27|inst10                   ;
; -0.500 ; 0.500        ; 1.000          ; Low Pulse Width  ; CLOCK_50 ; Rise       ; control:inst27|inst10                   ;
; -0.500 ; 0.500        ; 1.000          ; High Pulse Width ; CLOCK_50 ; Rise       ; control:inst27|inst11                   ;
+--------+--------------+----------------+------------------+----------+------------+-----------------------------------------+


+-----------------------------------------------------------------------+
; Setup Times                                                           ;
+-----------+------------+-------+-------+------------+-----------------+
; Data Port ; Clock Port ; Rise  ; Fall  ; Clock Edge ; Clock Reference ;
+-----------+------------+-------+-------+------------+-----------------+
; KEY[*]    ; CLOCK_50   ; 2.277 ; 2.277 ; Rise       ; CLOCK_50        ;
;  KEY[0]   ; CLOCK_50   ; 2.277 ; 2.277 ; Rise       ; CLOCK_50        ;
;  KEY[1]   ; CLOCK_50   ; 2.220 ; 2.220 ; Rise       ; CLOCK_50        ;
;  KEY[2]   ; CLOCK_50   ; 2.155 ; 2.155 ; Rise       ; CLOCK_50        ;
;  KEY[3]   ; CLOCK_50   ; 2.015 ; 2.015 ; Rise       ; CLOCK_50        ;
+-----------+------------+-------+-------+------------+-----------------+


+-------------------------------------------------------------------------+
; Hold Times                                                              ;
+-----------+------------+--------+--------+------------+-----------------+
; Data Port ; Clock Port ; Rise   ; Fall   ; Clock Edge ; Clock Reference ;
+-----------+------------+--------+--------+------------+-----------------+
; KEY[*]    ; CLOCK_50   ; -1.858 ; -1.858 ; Rise       ; CLOCK_50        ;
;  KEY[0]   ; CLOCK_50   ; -2.154 ; -2.154 ; Rise       ; CLOCK_50        ;
;  KEY[1]   ; CLOCK_50   ; -2.098 ; -2.098 ; Rise       ; CLOCK_50        ;
;  KEY[2]   ; CLOCK_50   ; -2.002 ; -2.002 ; Rise       ; CLOCK_50        ;
;  KEY[3]   ; CLOCK_50   ; -1.858 ; -1.858 ; Rise       ; CLOCK_50        ;
+-----------+------------+--------+--------+------------+-----------------+


+-----------------------------------------------------------------------+
; Clock to Output Times                                                 ;
+-----------+------------+-------+-------+------------+-----------------+
; Data Port ; Clock Port ; Rise  ; Fall  ; Clock Edge ; Clock Reference ;
+-----------+------------+-------+-------+------------+-----------------+
; HEX0[*]   ; CLOCK_50   ; 5.653 ; 5.653 ; Rise       ; CLOCK_50        ;
;  HEX0[0]  ; CLOCK_50   ; 5.119 ; 5.119 ; Rise       ; CLOCK_50        ;
;  HEX0[1]  ; CLOCK_50   ; 5.653 ; 5.653 ; Rise       ; CLOCK_50        ;
;  HEX0[2]  ; CLOCK_50   ; 5.284 ; 5.284 ; Rise       ; CLOCK_50        ;
;  HEX0[3]  ; CLOCK_50   ; 5.036 ; 5.036 ; Rise       ; CLOCK_50        ;
;  HEX0[4]  ; CLOCK_50   ; 5.017 ; 5.017 ; Rise       ; CLOCK_50        ;
;  HEX0[5]  ; CLOCK_50   ; 5.281 ; 5.281 ; Rise       ; CLOCK_50        ;
;  HEX0[6]  ; CLOCK_50   ; 5.553 ; 5.553 ; Rise       ; CLOCK_50        ;
; HEX1[*]   ; CLOCK_50   ; 4.659 ; 4.659 ; Rise       ; CLOCK_50        ;
;  HEX1[0]  ; CLOCK_50   ; 4.659 ; 4.659 ; Rise       ; CLOCK_50        ;
;  HEX1[1]  ; CLOCK_50   ; 4.659 ; 4.659 ; Rise       ; CLOCK_50        ;
;  HEX1[2]  ; CLOCK_50   ; 4.611 ; 4.611 ; Rise       ; CLOCK_50        ;
;  HEX1[3]  ; CLOCK_50   ; 4.528 ; 4.528 ; Rise       ; CLOCK_50        ;
;  HEX1[4]  ; CLOCK_50   ; 4.516 ; 4.516 ; Rise       ; CLOCK_50        ;
;  HEX1[5]  ; CLOCK_50   ; 4.527 ; 4.527 ; Rise       ; CLOCK_50        ;
;  HEX1[6]  ; CLOCK_50   ; 4.529 ; 4.529 ; Rise       ; CLOCK_50        ;
; HEX2[*]   ; CLOCK_50   ; 4.574 ; 4.574 ; Rise       ; CLOCK_50        ;
;  HEX2[0]  ; CLOCK_50   ; 4.574 ; 4.574 ; Rise       ; CLOCK_50        ;
;  HEX2[1]  ; CLOCK_50   ; 4.514 ; 4.514 ; Rise       ; CLOCK_50        ;
;  HEX2[2]  ; CLOCK_50   ; 4.554 ; 4.554 ; Rise       ; CLOCK_50        ;
;  HEX2[3]  ; CLOCK_50   ; 4.533 ; 4.533 ; Rise       ; CLOCK_50        ;
;  HEX2[4]  ; CLOCK_50   ; 4.414 ; 4.414 ; Rise       ; CLOCK_50        ;
;  HEX2[5]  ; CLOCK_50   ; 4.437 ; 4.437 ; Rise       ; CLOCK_50        ;
;  HEX2[6]  ; CLOCK_50   ; 4.403 ; 4.403 ; Rise       ; CLOCK_50        ;
; HEX3[*]   ; CLOCK_50   ; 4.533 ; 4.533 ; Rise       ; CLOCK_50        ;
;  HEX3[0]  ; CLOCK_50   ; 4.390 ; 4.390 ; Rise       ; CLOCK_50        ;
;  HEX3[1]  ; CLOCK_50   ; 4.413 ; 4.413 ; Rise       ; CLOCK_50        ;
;  HEX3[2]  ; CLOCK_50   ; 4.440 ; 4.440 ; Rise       ; CLOCK_50        ;
;  HEX3[3]  ; CLOCK_50   ; 4.416 ; 4.416 ; Rise       ; CLOCK_50        ;
;  HEX3[4]  ; CLOCK_50   ; 4.419 ; 4.419 ; Rise       ; CLOCK_50        ;
;  HEX3[5]  ; CLOCK_50   ; 4.533 ; 4.533 ; Rise       ; CLOCK_50        ;
;  HEX3[6]  ; CLOCK_50   ; 4.497 ; 4.497 ; Rise       ; CLOCK_50        ;
; HEX4[*]   ; CLOCK_50   ; 4.799 ; 4.799 ; Rise       ; CLOCK_50        ;
;  HEX4[0]  ; CLOCK_50   ; 4.758 ; 4.758 ; Rise       ; CLOCK_50        ;
;  HEX4[1]  ; CLOCK_50   ; 4.763 ; 4.763 ; Rise       ; CLOCK_50        ;
;  HEX4[2]  ; CLOCK_50   ; 4.774 ; 4.774 ; Rise       ; CLOCK_50        ;
;  HEX4[3]  ; CLOCK_50   ; 4.758 ; 4.758 ; Rise       ; CLOCK_50        ;
;  HEX4[4]  ; CLOCK_50   ; 4.774 ; 4.774 ; Rise       ; CLOCK_50        ;
;  HEX4[5]  ; CLOCK_50   ; 4.773 ; 4.773 ; Rise       ; CLOCK_50        ;
;  HEX4[6]  ; CLOCK_50   ; 4.799 ; 4.799 ; Rise       ; CLOCK_50        ;
; HEX5[*]   ; CLOCK_50   ; 3.938 ; 3.938 ; Rise       ; CLOCK_50        ;
;  HEX5[0]  ; CLOCK_50   ; 3.802 ; 3.802 ; Rise       ; CLOCK_50        ;
;  HEX5[1]  ; CLOCK_50   ; 3.777 ; 3.777 ; Rise       ; CLOCK_50        ;
;  HEX5[2]  ; CLOCK_50   ; 3.774 ; 3.774 ; Rise       ; CLOCK_50        ;
;  HEX5[3]  ; CLOCK_50   ; 3.929 ; 3.929 ; Rise       ; CLOCK_50        ;
;  HEX5[4]  ; CLOCK_50   ; 3.914 ; 3.914 ; Rise       ; CLOCK_50        ;
;  HEX5[5]  ; CLOCK_50   ; 3.915 ; 3.915 ; Rise       ; CLOCK_50        ;
;  HEX5[6]  ; CLOCK_50   ; 3.938 ; 3.938 ; Rise       ; CLOCK_50        ;
; HEX6[*]   ; CLOCK_50   ; 4.196 ; 4.196 ; Rise       ; CLOCK_50        ;
;  HEX6[0]  ; CLOCK_50   ; 3.905 ; 3.905 ; Rise       ; CLOCK_50        ;
;  HEX6[1]  ; CLOCK_50   ; 3.907 ; 3.907 ; Rise       ; CLOCK_50        ;
;  HEX6[2]  ; CLOCK_50   ; 3.899 ; 3.899 ; Rise       ; CLOCK_50        ;
;  HEX6[3]  ; CLOCK_50   ; 4.196 ; 4.196 ; Rise       ; CLOCK_50        ;
;  HEX6[4]  ; CLOCK_50   ; 4.189 ; 4.189 ; Rise       ; CLOCK_50        ;
;  HEX6[5]  ; CLOCK_50   ; 4.159 ; 4.159 ; Rise       ; CLOCK_50        ;
;  HEX6[6]  ; CLOCK_50   ; 4.157 ; 4.157 ; Rise       ; CLOCK_50        ;
; HEX7[*]   ; CLOCK_50   ; 4.347 ; 4.347 ; Rise       ; CLOCK_50        ;
;  HEX7[0]  ; CLOCK_50   ; 4.255 ; 4.255 ; Rise       ; CLOCK_50        ;
;  HEX7[1]  ; CLOCK_50   ; 4.261 ; 4.261 ; Rise       ; CLOCK_50        ;
;  HEX7[2]  ; CLOCK_50   ; 4.237 ; 4.237 ; Rise       ; CLOCK_50        ;
;  HEX7[3]  ; CLOCK_50   ; 4.231 ; 4.231 ; Rise       ; CLOCK_50        ;
;  HEX7[4]  ; CLOCK_50   ; 4.347 ; 4.347 ; Rise       ; CLOCK_50        ;
;  HEX7[5]  ; CLOCK_50   ; 4.338 ; 4.338 ; Rise       ; CLOCK_50        ;
;  HEX7[6]  ; CLOCK_50   ; 4.257 ; 4.257 ; Rise       ; CLOCK_50        ;
; LEDG[*]   ; CLOCK_50   ; 4.173 ; 4.173 ; Rise       ; CLOCK_50        ;
;  LEDG[0]  ; CLOCK_50   ; 4.157 ; 4.157 ; Rise       ; CLOCK_50        ;
;  LEDG[1]  ; CLOCK_50   ; 4.173 ; 4.173 ; Rise       ; CLOCK_50        ;
;  LEDG[2]  ; CLOCK_50   ; 4.156 ; 4.156 ; Rise       ; CLOCK_50        ;
;  LEDG[3]  ; CLOCK_50   ; 4.040 ; 4.040 ; Rise       ; CLOCK_50        ;
;  LEDG[4]  ; CLOCK_50   ; 4.100 ; 4.100 ; Rise       ; CLOCK_50        ;
;  LEDG[5]  ; CLOCK_50   ; 4.089 ; 4.089 ; Rise       ; CLOCK_50        ;
;  LEDG[6]  ; CLOCK_50   ; 4.076 ; 4.076 ; Rise       ; CLOCK_50        ;
+-----------+------------+-------+-------+------------+-----------------+


+-----------------------------------------------------------------------+
; Minimum Clock to Output Times                                         ;
+-----------+------------+-------+-------+------------+-----------------+
; Data Port ; Clock Port ; Rise  ; Fall  ; Clock Edge ; Clock Reference ;
+-----------+------------+-------+-------+------------+-----------------+
; HEX0[*]   ; CLOCK_50   ; 4.824 ; 4.824 ; Rise       ; CLOCK_50        ;
;  HEX0[0]  ; CLOCK_50   ; 4.939 ; 4.939 ; Rise       ; CLOCK_50        ;
;  HEX0[1]  ; CLOCK_50   ; 5.474 ; 5.474 ; Rise       ; CLOCK_50        ;
;  HEX0[2]  ; CLOCK_50   ; 5.104 ; 5.104 ; Rise       ; CLOCK_50        ;
;  HEX0[3]  ; CLOCK_50   ; 4.841 ; 4.841 ; Rise       ; CLOCK_50        ;
;  HEX0[4]  ; CLOCK_50   ; 4.824 ; 4.824 ; Rise       ; CLOCK_50        ;
;  HEX0[5]  ; CLOCK_50   ; 5.101 ; 5.101 ; Rise       ; CLOCK_50        ;
;  HEX0[6]  ; CLOCK_50   ; 5.367 ; 5.367 ; Rise       ; CLOCK_50        ;
; HEX1[*]   ; CLOCK_50   ; 4.433 ; 4.433 ; Rise       ; CLOCK_50        ;
;  HEX1[0]  ; CLOCK_50   ; 4.579 ; 4.579 ; Rise       ; CLOCK_50        ;
;  HEX1[1]  ; CLOCK_50   ; 4.582 ; 4.582 ; Rise       ; CLOCK_50        ;
;  HEX1[2]  ; CLOCK_50   ; 4.531 ; 4.531 ; Rise       ; CLOCK_50        ;
;  HEX1[3]  ; CLOCK_50   ; 4.450 ; 4.450 ; Rise       ; CLOCK_50        ;
;  HEX1[4]  ; CLOCK_50   ; 4.433 ; 4.433 ; Rise       ; CLOCK_50        ;
;  HEX1[5]  ; CLOCK_50   ; 4.446 ; 4.446 ; Rise       ; CLOCK_50        ;
;  HEX1[6]  ; CLOCK_50   ; 4.451 ; 4.451 ; Rise       ; CLOCK_50        ;
; HEX2[*]   ; CLOCK_50   ; 4.293 ; 4.293 ; Rise       ; CLOCK_50        ;
;  HEX2[0]  ; CLOCK_50   ; 4.460 ; 4.460 ; Rise       ; CLOCK_50        ;
;  HEX2[1]  ; CLOCK_50   ; 4.410 ; 4.410 ; Rise       ; CLOCK_50        ;
;  HEX2[2]  ; CLOCK_50   ; 4.443 ; 4.443 ; Rise       ; CLOCK_50        ;
;  HEX2[3]  ; CLOCK_50   ; 4.428 ; 4.428 ; Rise       ; CLOCK_50        ;
;  HEX2[4]  ; CLOCK_50   ; 4.304 ; 4.304 ; Rise       ; CLOCK_50        ;
;  HEX2[5]  ; CLOCK_50   ; 4.327 ; 4.327 ; Rise       ; CLOCK_50        ;
;  HEX2[6]  ; CLOCK_50   ; 4.293 ; 4.293 ; Rise       ; CLOCK_50        ;
; HEX3[*]   ; CLOCK_50   ; 4.269 ; 4.269 ; Rise       ; CLOCK_50        ;
;  HEX3[0]  ; CLOCK_50   ; 4.269 ; 4.269 ; Rise       ; CLOCK_50        ;
;  HEX3[1]  ; CLOCK_50   ; 4.292 ; 4.292 ; Rise       ; CLOCK_50        ;
;  HEX3[2]  ; CLOCK_50   ; 4.320 ; 4.320 ; Rise       ; CLOCK_50        ;
;  HEX3[3]  ; CLOCK_50   ; 4.296 ; 4.296 ; Rise       ; CLOCK_50        ;
;  HEX3[4]  ; CLOCK_50   ; 4.317 ; 4.317 ; Rise       ; CLOCK_50        ;
;  HEX3[5]  ; CLOCK_50   ; 4.422 ; 4.422 ; Rise       ; CLOCK_50        ;
;  HEX3[6]  ; CLOCK_50   ; 4.386 ; 4.386 ; Rise       ; CLOCK_50        ;
; HEX4[*]   ; CLOCK_50   ; 3.864 ; 3.864 ; Rise       ; CLOCK_50        ;
;  HEX4[0]  ; CLOCK_50   ; 3.872 ; 3.872 ; Rise       ; CLOCK_50        ;
;  HEX4[1]  ; CLOCK_50   ; 3.864 ; 3.864 ; Rise       ; CLOCK_50        ;
;  HEX4[2]  ; CLOCK_50   ; 3.881 ; 3.881 ; Rise       ; CLOCK_50        ;
;  HEX4[3]  ; CLOCK_50   ; 3.873 ; 3.873 ; Rise       ; CLOCK_50        ;
;  HEX4[4]  ; CLOCK_50   ; 3.875 ; 3.875 ; Rise       ; CLOCK_50        ;
;  HEX4[5]  ; CLOCK_50   ; 3.881 ; 3.881 ; Rise       ; CLOCK_50        ;
;  HEX4[6]  ; CLOCK_50   ; 3.910 ; 3.910 ; Rise       ; CLOCK_50        ;
; HEX5[*]   ; CLOCK_50   ; 3.651 ; 3.651 ; Rise       ; CLOCK_50        ;
;  HEX5[0]  ; CLOCK_50   ; 3.679 ; 3.679 ; Rise       ; CLOCK_50        ;
;  HEX5[1]  ; CLOCK_50   ; 3.658 ; 3.658 ; Rise       ; CLOCK_50        ;
;  HEX5[2]  ; CLOCK_50   ; 3.651 ; 3.651 ; Rise       ; CLOCK_50        ;
;  HEX5[3]  ; CLOCK_50   ; 3.809 ; 3.809 ; Rise       ; CLOCK_50        ;
;  HEX5[4]  ; CLOCK_50   ; 3.797 ; 3.797 ; Rise       ; CLOCK_50        ;
;  HEX5[5]  ; CLOCK_50   ; 3.797 ; 3.797 ; Rise       ; CLOCK_50        ;
;  HEX5[6]  ; CLOCK_50   ; 3.813 ; 3.813 ; Rise       ; CLOCK_50        ;
; HEX6[*]   ; CLOCK_50   ; 3.666 ; 3.666 ; Rise       ; CLOCK_50        ;
;  HEX6[0]  ; CLOCK_50   ; 3.666 ; 3.666 ; Rise       ; CLOCK_50        ;
;  HEX6[1]  ; CLOCK_50   ; 3.671 ; 3.671 ; Rise       ; CLOCK_50        ;
;  HEX6[2]  ; CLOCK_50   ; 3.670 ; 3.670 ; Rise       ; CLOCK_50        ;
;  HEX6[3]  ; CLOCK_50   ; 3.949 ; 3.949 ; Rise       ; CLOCK_50        ;
;  HEX6[4]  ; CLOCK_50   ; 3.957 ; 3.957 ; Rise       ; CLOCK_50        ;
;  HEX6[5]  ; CLOCK_50   ; 3.930 ; 3.930 ; Rise       ; CLOCK_50        ;
;  HEX6[6]  ; CLOCK_50   ; 3.932 ; 3.932 ; Rise       ; CLOCK_50        ;
; HEX7[*]   ; CLOCK_50   ; 4.017 ; 4.017 ; Rise       ; CLOCK_50        ;
;  HEX7[0]  ; CLOCK_50   ; 4.049 ; 4.049 ; Rise       ; CLOCK_50        ;
;  HEX7[1]  ; CLOCK_50   ; 4.056 ; 4.056 ; Rise       ; CLOCK_50        ;
;  HEX7[2]  ; CLOCK_50   ; 4.017 ; 4.017 ; Rise       ; CLOCK_50        ;
;  HEX7[3]  ; CLOCK_50   ; 4.021 ; 4.021 ; Rise       ; CLOCK_50        ;
;  HEX7[4]  ; CLOCK_50   ; 4.138 ; 4.138 ; Rise       ; CLOCK_50        ;
;  HEX7[5]  ; CLOCK_50   ; 4.126 ; 4.126 ; Rise       ; CLOCK_50        ;
;  HEX7[6]  ; CLOCK_50   ; 4.052 ; 4.052 ; Rise       ; CLOCK_50        ;
; LEDG[*]   ; CLOCK_50   ; 4.040 ; 4.040 ; Rise       ; CLOCK_50        ;
;  LEDG[0]  ; CLOCK_50   ; 4.157 ; 4.157 ; Rise       ; CLOCK_50        ;
;  LEDG[1]  ; CLOCK_50   ; 4.173 ; 4.173 ; Rise       ; CLOCK_50        ;
;  LEDG[2]  ; CLOCK_50   ; 4.156 ; 4.156 ; Rise       ; CLOCK_50        ;
;  LEDG[3]  ; CLOCK_50   ; 4.040 ; 4.040 ; Rise       ; CLOCK_50        ;
;  LEDG[4]  ; CLOCK_50   ; 4.100 ; 4.100 ; Rise       ; CLOCK_50        ;
;  LEDG[5]  ; CLOCK_50   ; 4.089 ; 4.089 ; Rise       ; CLOCK_50        ;
;  LEDG[6]  ; CLOCK_50   ; 4.076 ; 4.076 ; Rise       ; CLOCK_50        ;
+-----------+------------+-------+-------+------------+-----------------+


+----------------------------------------------------+
; Propagation Delay                                  ;
+------------+-------------+-------+----+----+-------+
; Input Port ; Output Port ; RR    ; RF ; FR ; FF    ;
+------------+-------------+-------+----+----+-------+
; SW[17]     ; LEDG[7]     ; 5.608 ;    ;    ; 5.608 ;
+------------+-------------+-------+----+----+-------+


+----------------------------------------------------+
; Minimum Propagation Delay                          ;
+------------+-------------+-------+----+----+-------+
; Input Port ; Output Port ; RR    ; RF ; FR ; FF    ;
+------------+-------------+-------+----+----+-------+
; SW[17]     ; LEDG[7]     ; 5.608 ;    ;    ; 5.608 ;
+------------+-------------+-------+----+----+-------+


+--------------------------------------------------------------------------------+
; Multicorner Timing Analysis Summary                                            ;
+------------------+----------+-------+----------+---------+---------------------+
; Clock            ; Setup    ; Hold  ; Recovery ; Removal ; Minimum Pulse Width ;
+------------------+----------+-------+----------+---------+---------------------+
; Worst-case Slack ; -5.624   ; 0.215 ; N/A      ; N/A     ; -1.380              ;
;  CLOCK_50        ; -5.624   ; 0.215 ; N/A      ; N/A     ; -1.380              ;
; Design-wide TNS  ; -197.426 ; 0.0   ; 0.0      ; 0.0     ; -75.38              ;
;  CLOCK_50        ; -197.426 ; 0.000 ; N/A      ; N/A     ; -75.380             ;
+------------------+----------+-------+----------+---------+---------------------+


+-----------------------------------------------------------------------+
; Setup Times                                                           ;
+-----------+------------+-------+-------+------------+-----------------+
; Data Port ; Clock Port ; Rise  ; Fall  ; Clock Edge ; Clock Reference ;
+-----------+------------+-------+-------+------------+-----------------+
; KEY[*]    ; CLOCK_50   ; 4.130 ; 4.130 ; Rise       ; CLOCK_50        ;
;  KEY[0]   ; CLOCK_50   ; 4.090 ; 4.090 ; Rise       ; CLOCK_50        ;
;  KEY[1]   ; CLOCK_50   ; 4.130 ; 4.130 ; Rise       ; CLOCK_50        ;
;  KEY[2]   ; CLOCK_50   ; 3.956 ; 3.956 ; Rise       ; CLOCK_50        ;
;  KEY[3]   ; CLOCK_50   ; 3.655 ; 3.655 ; Rise       ; CLOCK_50        ;
+-----------+------------+-------+-------+------------+-----------------+


+-------------------------------------------------------------------------+
; Hold Times                                                              ;
+-----------+------------+--------+--------+------------+-----------------+
; Data Port ; Clock Port ; Rise   ; Fall   ; Clock Edge ; Clock Reference ;
+-----------+------------+--------+--------+------------+-----------------+
; KEY[*]    ; CLOCK_50   ; -1.858 ; -1.858 ; Rise       ; CLOCK_50        ;
;  KEY[0]   ; CLOCK_50   ; -2.154 ; -2.154 ; Rise       ; CLOCK_50        ;
;  KEY[1]   ; CLOCK_50   ; -2.098 ; -2.098 ; Rise       ; CLOCK_50        ;
;  KEY[2]   ; CLOCK_50   ; -2.002 ; -2.002 ; Rise       ; CLOCK_50        ;
;  KEY[3]   ; CLOCK_50   ; -1.858 ; -1.858 ; Rise       ; CLOCK_50        ;
+-----------+------------+--------+--------+------------+-----------------+


+-------------------------------------------------------------------------+
; Clock to Output Times                                                   ;
+-----------+------------+--------+--------+------------+-----------------+
; Data Port ; Clock Port ; Rise   ; Fall   ; Clock Edge ; Clock Reference ;
+-----------+------------+--------+--------+------------+-----------------+
; HEX0[*]   ; CLOCK_50   ; 10.458 ; 10.458 ; Rise       ; CLOCK_50        ;
;  HEX0[0]  ; CLOCK_50   ; 9.466  ; 9.466  ; Rise       ; CLOCK_50        ;
;  HEX0[1]  ; CLOCK_50   ; 10.458 ; 10.458 ; Rise       ; CLOCK_50        ;
;  HEX0[2]  ; CLOCK_50   ; 9.935  ; 9.935  ; Rise       ; CLOCK_50        ;
;  HEX0[3]  ; CLOCK_50   ; 9.236  ; 9.236  ; Rise       ; CLOCK_50        ;
;  HEX0[4]  ; CLOCK_50   ; 9.223  ; 9.223  ; Rise       ; CLOCK_50        ;
;  HEX0[5]  ; CLOCK_50   ; 9.932  ; 9.932  ; Rise       ; CLOCK_50        ;
;  HEX0[6]  ; CLOCK_50   ; 10.187 ; 10.187 ; Rise       ; CLOCK_50        ;
; HEX1[*]   ; CLOCK_50   ; 8.652  ; 8.652  ; Rise       ; CLOCK_50        ;
;  HEX1[0]  ; CLOCK_50   ; 8.648  ; 8.648  ; Rise       ; CLOCK_50        ;
;  HEX1[1]  ; CLOCK_50   ; 8.643  ; 8.643  ; Rise       ; CLOCK_50        ;
;  HEX1[2]  ; CLOCK_50   ; 8.652  ; 8.652  ; Rise       ; CLOCK_50        ;
;  HEX1[3]  ; CLOCK_50   ; 8.479  ; 8.479  ; Rise       ; CLOCK_50        ;
;  HEX1[4]  ; CLOCK_50   ; 8.438  ; 8.438  ; Rise       ; CLOCK_50        ;
;  HEX1[5]  ; CLOCK_50   ; 8.477  ; 8.477  ; Rise       ; CLOCK_50        ;
;  HEX1[6]  ; CLOCK_50   ; 8.432  ; 8.432  ; Rise       ; CLOCK_50        ;
; HEX2[*]   ; CLOCK_50   ; 8.549  ; 8.549  ; Rise       ; CLOCK_50        ;
;  HEX2[0]  ; CLOCK_50   ; 8.549  ; 8.549  ; Rise       ; CLOCK_50        ;
;  HEX2[1]  ; CLOCK_50   ; 8.472  ; 8.472  ; Rise       ; CLOCK_50        ;
;  HEX2[2]  ; CLOCK_50   ; 8.499  ; 8.499  ; Rise       ; CLOCK_50        ;
;  HEX2[3]  ; CLOCK_50   ; 8.444  ; 8.444  ; Rise       ; CLOCK_50        ;
;  HEX2[4]  ; CLOCK_50   ; 8.210  ; 8.210  ; Rise       ; CLOCK_50        ;
;  HEX2[5]  ; CLOCK_50   ; 8.254  ; 8.254  ; Rise       ; CLOCK_50        ;
;  HEX2[6]  ; CLOCK_50   ; 8.200  ; 8.200  ; Rise       ; CLOCK_50        ;
; HEX3[*]   ; CLOCK_50   ; 8.492  ; 8.492  ; Rise       ; CLOCK_50        ;
;  HEX3[0]  ; CLOCK_50   ; 8.168  ; 8.168  ; Rise       ; CLOCK_50        ;
;  HEX3[1]  ; CLOCK_50   ; 8.189  ; 8.189  ; Rise       ; CLOCK_50        ;
;  HEX3[2]  ; CLOCK_50   ; 8.233  ; 8.233  ; Rise       ; CLOCK_50        ;
;  HEX3[3]  ; CLOCK_50   ; 8.199  ; 8.199  ; Rise       ; CLOCK_50        ;
;  HEX3[4]  ; CLOCK_50   ; 8.202  ; 8.202  ; Rise       ; CLOCK_50        ;
;  HEX3[5]  ; CLOCK_50   ; 8.492  ; 8.492  ; Rise       ; CLOCK_50        ;
;  HEX3[6]  ; CLOCK_50   ; 8.427  ; 8.427  ; Rise       ; CLOCK_50        ;
; HEX4[*]   ; CLOCK_50   ; 8.832  ; 8.832  ; Rise       ; CLOCK_50        ;
;  HEX4[0]  ; CLOCK_50   ; 8.767  ; 8.767  ; Rise       ; CLOCK_50        ;
;  HEX4[1]  ; CLOCK_50   ; 8.769  ; 8.769  ; Rise       ; CLOCK_50        ;
;  HEX4[2]  ; CLOCK_50   ; 8.790  ; 8.790  ; Rise       ; CLOCK_50        ;
;  HEX4[3]  ; CLOCK_50   ; 8.769  ; 8.769  ; Rise       ; CLOCK_50        ;
;  HEX4[4]  ; CLOCK_50   ; 8.784  ; 8.784  ; Rise       ; CLOCK_50        ;
;  HEX4[5]  ; CLOCK_50   ; 8.778  ; 8.778  ; Rise       ; CLOCK_50        ;
;  HEX4[6]  ; CLOCK_50   ; 8.832  ; 8.832  ; Rise       ; CLOCK_50        ;
; HEX5[*]   ; CLOCK_50   ; 7.150  ; 7.150  ; Rise       ; CLOCK_50        ;
;  HEX5[0]  ; CLOCK_50   ; 6.850  ; 6.850  ; Rise       ; CLOCK_50        ;
;  HEX5[1]  ; CLOCK_50   ; 6.837  ; 6.837  ; Rise       ; CLOCK_50        ;
;  HEX5[2]  ; CLOCK_50   ; 6.816  ; 6.816  ; Rise       ; CLOCK_50        ;
;  HEX5[3]  ; CLOCK_50   ; 7.145  ; 7.145  ; Rise       ; CLOCK_50        ;
;  HEX5[4]  ; CLOCK_50   ; 7.137  ; 7.137  ; Rise       ; CLOCK_50        ;
;  HEX5[5]  ; CLOCK_50   ; 7.136  ; 7.136  ; Rise       ; CLOCK_50        ;
;  HEX5[6]  ; CLOCK_50   ; 7.150  ; 7.150  ; Rise       ; CLOCK_50        ;
; HEX6[*]   ; CLOCK_50   ; 7.641  ; 7.641  ; Rise       ; CLOCK_50        ;
;  HEX6[0]  ; CLOCK_50   ; 7.081  ; 7.081  ; Rise       ; CLOCK_50        ;
;  HEX6[1]  ; CLOCK_50   ; 7.091  ; 7.091  ; Rise       ; CLOCK_50        ;
;  HEX6[2]  ; CLOCK_50   ; 7.075  ; 7.075  ; Rise       ; CLOCK_50        ;
;  HEX6[3]  ; CLOCK_50   ; 7.636  ; 7.636  ; Rise       ; CLOCK_50        ;
;  HEX6[4]  ; CLOCK_50   ; 7.641  ; 7.641  ; Rise       ; CLOCK_50        ;
;  HEX6[5]  ; CLOCK_50   ; 7.598  ; 7.598  ; Rise       ; CLOCK_50        ;
;  HEX6[6]  ; CLOCK_50   ; 7.575  ; 7.575  ; Rise       ; CLOCK_50        ;
; HEX7[*]   ; CLOCK_50   ; 7.987  ; 7.987  ; Rise       ; CLOCK_50        ;
;  HEX7[0]  ; CLOCK_50   ; 7.723  ; 7.723  ; Rise       ; CLOCK_50        ;
;  HEX7[1]  ; CLOCK_50   ; 7.759  ; 7.759  ; Rise       ; CLOCK_50        ;
;  HEX7[2]  ; CLOCK_50   ; 7.729  ; 7.729  ; Rise       ; CLOCK_50        ;
;  HEX7[3]  ; CLOCK_50   ; 7.724  ; 7.724  ; Rise       ; CLOCK_50        ;
;  HEX7[4]  ; CLOCK_50   ; 7.987  ; 7.987  ; Rise       ; CLOCK_50        ;
;  HEX7[5]  ; CLOCK_50   ; 7.931  ; 7.931  ; Rise       ; CLOCK_50        ;
;  HEX7[6]  ; CLOCK_50   ; 7.755  ; 7.755  ; Rise       ; CLOCK_50        ;
; LEDG[*]   ; CLOCK_50   ; 7.485  ; 7.485  ; Rise       ; CLOCK_50        ;
;  LEDG[0]  ; CLOCK_50   ; 7.458  ; 7.458  ; Rise       ; CLOCK_50        ;
;  LEDG[1]  ; CLOCK_50   ; 7.485  ; 7.485  ; Rise       ; CLOCK_50        ;
;  LEDG[2]  ; CLOCK_50   ; 7.473  ; 7.473  ; Rise       ; CLOCK_50        ;
;  LEDG[3]  ; CLOCK_50   ; 7.218  ; 7.218  ; Rise       ; CLOCK_50        ;
;  LEDG[4]  ; CLOCK_50   ; 7.287  ; 7.287  ; Rise       ; CLOCK_50        ;
;  LEDG[5]  ; CLOCK_50   ; 7.275  ; 7.275  ; Rise       ; CLOCK_50        ;
;  LEDG[6]  ; CLOCK_50   ; 7.261  ; 7.261  ; Rise       ; CLOCK_50        ;
+-----------+------------+--------+--------+------------+-----------------+


+-----------------------------------------------------------------------+
; Minimum Clock to Output Times                                         ;
+-----------+------------+-------+-------+------------+-----------------+
; Data Port ; Clock Port ; Rise  ; Fall  ; Clock Edge ; Clock Reference ;
+-----------+------------+-------+-------+------------+-----------------+
; HEX0[*]   ; CLOCK_50   ; 4.824 ; 4.824 ; Rise       ; CLOCK_50        ;
;  HEX0[0]  ; CLOCK_50   ; 4.939 ; 4.939 ; Rise       ; CLOCK_50        ;
;  HEX0[1]  ; CLOCK_50   ; 5.474 ; 5.474 ; Rise       ; CLOCK_50        ;
;  HEX0[2]  ; CLOCK_50   ; 5.104 ; 5.104 ; Rise       ; CLOCK_50        ;
;  HEX0[3]  ; CLOCK_50   ; 4.841 ; 4.841 ; Rise       ; CLOCK_50        ;
;  HEX0[4]  ; CLOCK_50   ; 4.824 ; 4.824 ; Rise       ; CLOCK_50        ;
;  HEX0[5]  ; CLOCK_50   ; 5.101 ; 5.101 ; Rise       ; CLOCK_50        ;
;  HEX0[6]  ; CLOCK_50   ; 5.367 ; 5.367 ; Rise       ; CLOCK_50        ;
; HEX1[*]   ; CLOCK_50   ; 4.433 ; 4.433 ; Rise       ; CLOCK_50        ;
;  HEX1[0]  ; CLOCK_50   ; 4.579 ; 4.579 ; Rise       ; CLOCK_50        ;
;  HEX1[1]  ; CLOCK_50   ; 4.582 ; 4.582 ; Rise       ; CLOCK_50        ;
;  HEX1[2]  ; CLOCK_50   ; 4.531 ; 4.531 ; Rise       ; CLOCK_50        ;
;  HEX1[3]  ; CLOCK_50   ; 4.450 ; 4.450 ; Rise       ; CLOCK_50        ;
;  HEX1[4]  ; CLOCK_50   ; 4.433 ; 4.433 ; Rise       ; CLOCK_50        ;
;  HEX1[5]  ; CLOCK_50   ; 4.446 ; 4.446 ; Rise       ; CLOCK_50        ;
;  HEX1[6]  ; CLOCK_50   ; 4.451 ; 4.451 ; Rise       ; CLOCK_50        ;
; HEX2[*]   ; CLOCK_50   ; 4.293 ; 4.293 ; Rise       ; CLOCK_50        ;
;  HEX2[0]  ; CLOCK_50   ; 4.460 ; 4.460 ; Rise       ; CLOCK_50        ;
;  HEX2[1]  ; CLOCK_50   ; 4.410 ; 4.410 ; Rise       ; CLOCK_50        ;
;  HEX2[2]  ; CLOCK_50   ; 4.443 ; 4.443 ; Rise       ; CLOCK_50        ;
;  HEX2[3]  ; CLOCK_50   ; 4.428 ; 4.428 ; Rise       ; CLOCK_50        ;
;  HEX2[4]  ; CLOCK_50   ; 4.304 ; 4.304 ; Rise       ; CLOCK_50        ;
;  HEX2[5]  ; CLOCK_50   ; 4.327 ; 4.327 ; Rise       ; CLOCK_50        ;
;  HEX2[6]  ; CLOCK_50   ; 4.293 ; 4.293 ; Rise       ; CLOCK_50        ;
; HEX3[*]   ; CLOCK_50   ; 4.269 ; 4.269 ; Rise       ; CLOCK_50        ;
;  HEX3[0]  ; CLOCK_50   ; 4.269 ; 4.269 ; Rise       ; CLOCK_50        ;
;  HEX3[1]  ; CLOCK_50   ; 4.292 ; 4.292 ; Rise       ; CLOCK_50        ;
;  HEX3[2]  ; CLOCK_50   ; 4.320 ; 4.320 ; Rise       ; CLOCK_50        ;
;  HEX3[3]  ; CLOCK_50   ; 4.296 ; 4.296 ; Rise       ; CLOCK_50        ;
;  HEX3[4]  ; CLOCK_50   ; 4.317 ; 4.317 ; Rise       ; CLOCK_50        ;
;  HEX3[5]  ; CLOCK_50   ; 4.422 ; 4.422 ; Rise       ; CLOCK_50        ;
;  HEX3[6]  ; CLOCK_50   ; 4.386 ; 4.386 ; Rise       ; CLOCK_50        ;
; HEX4[*]   ; CLOCK_50   ; 3.864 ; 3.864 ; Rise       ; CLOCK_50        ;
;  HEX4[0]  ; CLOCK_50   ; 3.872 ; 3.872 ; Rise       ; CLOCK_50        ;
;  HEX4[1]  ; CLOCK_50   ; 3.864 ; 3.864 ; Rise       ; CLOCK_50        ;
;  HEX4[2]  ; CLOCK_50   ; 3.881 ; 3.881 ; Rise       ; CLOCK_50        ;
;  HEX4[3]  ; CLOCK_50   ; 3.873 ; 3.873 ; Rise       ; CLOCK_50        ;
;  HEX4[4]  ; CLOCK_50   ; 3.875 ; 3.875 ; Rise       ; CLOCK_50        ;
;  HEX4[5]  ; CLOCK_50   ; 3.881 ; 3.881 ; Rise       ; CLOCK_50        ;
;  HEX4[6]  ; CLOCK_50   ; 3.910 ; 3.910 ; Rise       ; CLOCK_50        ;
; HEX5[*]   ; CLOCK_50   ; 3.651 ; 3.651 ; Rise       ; CLOCK_50        ;
;  HEX5[0]  ; CLOCK_50   ; 3.679 ; 3.679 ; Rise       ; CLOCK_50        ;
;  HEX5[1]  ; CLOCK_50   ; 3.658 ; 3.658 ; Rise       ; CLOCK_50        ;
;  HEX5[2]  ; CLOCK_50   ; 3.651 ; 3.651 ; Rise       ; CLOCK_50        ;
;  HEX5[3]  ; CLOCK_50   ; 3.809 ; 3.809 ; Rise       ; CLOCK_50        ;
;  HEX5[4]  ; CLOCK_50   ; 3.797 ; 3.797 ; Rise       ; CLOCK_50        ;
;  HEX5[5]  ; CLOCK_50   ; 3.797 ; 3.797 ; Rise       ; CLOCK_50        ;
;  HEX5[6]  ; CLOCK_50   ; 3.813 ; 3.813 ; Rise       ; CLOCK_50        ;
; HEX6[*]   ; CLOCK_50   ; 3.666 ; 3.666 ; Rise       ; CLOCK_50        ;
;  HEX6[0]  ; CLOCK_50   ; 3.666 ; 3.666 ; Rise       ; CLOCK_50        ;
;  HEX6[1]  ; CLOCK_50   ; 3.671 ; 3.671 ; Rise       ; CLOCK_50        ;
;  HEX6[2]  ; CLOCK_50   ; 3.670 ; 3.670 ; Rise       ; CLOCK_50        ;
;  HEX6[3]  ; CLOCK_50   ; 3.949 ; 3.949 ; Rise       ; CLOCK_50        ;
;  HEX6[4]  ; CLOCK_50   ; 3.957 ; 3.957 ; Rise       ; CLOCK_50        ;
;  HEX6[5]  ; CLOCK_50   ; 3.930 ; 3.930 ; Rise       ; CLOCK_50        ;
;  HEX6[6]  ; CLOCK_50   ; 3.932 ; 3.932 ; Rise       ; CLOCK_50        ;
; HEX7[*]   ; CLOCK_50   ; 4.017 ; 4.017 ; Rise       ; CLOCK_50        ;
;  HEX7[0]  ; CLOCK_50   ; 4.049 ; 4.049 ; Rise       ; CLOCK_50        ;
;  HEX7[1]  ; CLOCK_50   ; 4.056 ; 4.056 ; Rise       ; CLOCK_50        ;
;  HEX7[2]  ; CLOCK_50   ; 4.017 ; 4.017 ; Rise       ; CLOCK_50        ;
;  HEX7[3]  ; CLOCK_50   ; 4.021 ; 4.021 ; Rise       ; CLOCK_50        ;
;  HEX7[4]  ; CLOCK_50   ; 4.138 ; 4.138 ; Rise       ; CLOCK_50        ;
;  HEX7[5]  ; CLOCK_50   ; 4.126 ; 4.126 ; Rise       ; CLOCK_50        ;
;  HEX7[6]  ; CLOCK_50   ; 4.052 ; 4.052 ; Rise       ; CLOCK_50        ;
; LEDG[*]   ; CLOCK_50   ; 4.040 ; 4.040 ; Rise       ; CLOCK_50        ;
;  LEDG[0]  ; CLOCK_50   ; 4.157 ; 4.157 ; Rise       ; CLOCK_50        ;
;  LEDG[1]  ; CLOCK_50   ; 4.173 ; 4.173 ; Rise       ; CLOCK_50        ;
;  LEDG[2]  ; CLOCK_50   ; 4.156 ; 4.156 ; Rise       ; CLOCK_50        ;
;  LEDG[3]  ; CLOCK_50   ; 4.040 ; 4.040 ; Rise       ; CLOCK_50        ;
;  LEDG[4]  ; CLOCK_50   ; 4.100 ; 4.100 ; Rise       ; CLOCK_50        ;
;  LEDG[5]  ; CLOCK_50   ; 4.089 ; 4.089 ; Rise       ; CLOCK_50        ;
;  LEDG[6]  ; CLOCK_50   ; 4.076 ; 4.076 ; Rise       ; CLOCK_50        ;
+-----------+------------+-------+-------+------------+-----------------+


+----------------------------------------------------+
; Progagation Delay                                  ;
+------------+-------------+-------+----+----+-------+
; Input Port ; Output Port ; RR    ; RF ; FR ; FF    ;
+------------+-------------+-------+----+----+-------+
; SW[17]     ; LEDG[7]     ; 9.764 ;    ;    ; 9.764 ;
+------------+-------------+-------+----+----+-------+


+----------------------------------------------------+
; Minimum Progagation Delay                          ;
+------------+-------------+-------+----+----+-------+
; Input Port ; Output Port ; RR    ; RF ; FR ; FF    ;
+------------+-------------+-------+----+----+-------+
; SW[17]     ; LEDG[7]     ; 5.608 ;    ;    ; 5.608 ;
+------------+-------------+-------+----+----+-------+


+-------------------------------------------------------------------+
; Setup Transfers                                                   ;
+------------+----------+----------+----------+----------+----------+
; From Clock ; To Clock ; RR Paths ; FR Paths ; RF Paths ; FF Paths ;
+------------+----------+----------+----------+----------+----------+
; CLOCK_50   ; CLOCK_50 ; 3706     ; 0        ; 0        ; 0        ;
+------------+----------+----------+----------+----------+----------+
Entries labeled "false path" only account for clock-to-clock false paths and not path-based false paths. As a result, actual path counts may be lower than reported.


+-------------------------------------------------------------------+
; Hold Transfers                                                    ;
+------------+----------+----------+----------+----------+----------+
; From Clock ; To Clock ; RR Paths ; FR Paths ; RF Paths ; FF Paths ;
+------------+----------+----------+----------+----------+----------+
; CLOCK_50   ; CLOCK_50 ; 3706     ; 0        ; 0        ; 0        ;
+------------+----------+----------+----------+----------+----------+
Entries labeled "false path" only account for clock-to-clock false paths and not path-based false paths. As a result, actual path counts may be lower than reported.


---------------
; Report TCCS ;
---------------
No dedicated SERDES Transmitter circuitry present in device or used in design


---------------
; Report RSKM ;
---------------
No dedicated SERDES Receiver circuitry present in device or used in design


+------------------------------------------------+
; Unconstrained Paths                            ;
+---------------------------------+-------+------+
; Property                        ; Setup ; Hold ;
+---------------------------------+-------+------+
; Illegal Clocks                  ; 0     ; 0    ;
; Unconstrained Clocks            ; 0     ; 0    ;
; Unconstrained Input Ports       ; 5     ; 5    ;
; Unconstrained Input Port Paths  ; 83    ; 83   ;
; Unconstrained Output Ports      ; 64    ; 64   ;
; Unconstrained Output Port Paths ; 225   ; 225  ;
+---------------------------------+-------+------+


+------------------------------------+
; TimeQuest Timing Analyzer Messages ;
+------------------------------------+
Info: *******************************************************************
Info: Running Quartus II 64-Bit TimeQuest Timing Analyzer
    Info: Version 13.0.1 Build 232 06/12/2013 Service Pack 1 SJ Web Edition
    Info: Processing started: Mon Feb 05 16:50:01 2018
Info: Command: quartus_sta Lab6_top_level -c Lab6_top_level
Info: qsta_default_script.tcl version: #1
Warning (20028): Parallel compilation is not licensed and has been disabled
Info (21077): Low junction temperature is 0 degrees C
Info (21077): High junction temperature is 85 degrees C
Critical Warning (332012): Synopsys Design Constraints File file not found: 'Lab6_top_level.sdc'. A Synopsys Design Constraints File is required by the TimeQuest Timing Analyzer to get proper timing constraints. Without it, the Compiler will not properly optimize the design.
Info (332142): No user constrained base clocks found in the design. Calling "derive_clocks -period 1.0"
Info (332105): Deriving Clocks
    Info (332105): create_clock -period 1.000 -name CLOCK_50 CLOCK_50
Info: Found TIMEQUEST_REPORT_SCRIPT_INCLUDE_DEFAULT_ANALYSIS = ON
Info: Analyzing Slow Model
Critical Warning (332148): Timing requirements not met
Info (332146): Worst-case setup slack is -5.624
    Info (332119):     Slack End Point TNS Clock 
    Info (332119): ========= ============= =====================
    Info (332119):    -5.624      -197.426 CLOCK_50 
Info (332146): Worst-case hold slack is 0.391
    Info (332119):     Slack End Point TNS Clock 
    Info (332119): ========= ============= =====================
    Info (332119):     0.391         0.000 CLOCK_50 
Info (332140): No Recovery paths to report
Info (332140): No Removal paths to report
Info (332146): Worst-case minimum pulse width slack is -1.380
    Info (332119):     Slack End Point TNS Clock 
    Info (332119): ========= ============= =====================
    Info (332119):    -1.380       -75.380 CLOCK_50 
Info (332001): The selected device family is not supported by the report_metastability command.
Info: Analyzing Fast Model
Critical Warning (332148): Timing requirements not met
Info (332146): Worst-case setup slack is -1.873
    Info (332119):     Slack End Point TNS Clock 
    Info (332119): ========= ============= =====================
    Info (332119):    -1.873       -58.798 CLOCK_50 
Info (332146): Worst-case hold slack is 0.215
    Info (332119):     Slack End Point TNS Clock 
    Info (332119): ========= ============= =====================
    Info (332119):     0.215         0.000 CLOCK_50 
Info (332140): No Recovery paths to report
Info (332140): No Removal paths to report
Info (332146): Worst-case minimum pulse width slack is -1.380
    Info (332119):     Slack End Point TNS Clock 
    Info (332119): ========= ============= =====================
    Info (332119):    -1.380       -75.380 CLOCK_50 
Info (332001): The selected device family is not supported by the report_metastability command.
Info (332102): Design is not fully constrained for setup requirements
Info (332102): Design is not fully constrained for hold requirements
Info: Quartus II 64-Bit TimeQuest Timing Analyzer was successful. 0 errors, 4 warnings
    Info: Peak virtual memory: 469 megabytes
    Info: Processing ended: Mon Feb 05 16:50:02 2018
    Info: Elapsed time: 00:00:01
    Info: Total CPU time (on all processors): 00:00:01


