TimeQuest Timing Analyzer report for Lab5_top_level
Tue Jan 23 16:38:59 2018
Quartus II 64-Bit Version 13.0.1 Build 232 06/12/2013 Service Pack 1 SJ Web Edition


---------------------
; Table of Contents ;
---------------------
  1. Legal Notice
  2. TimeQuest Timing Analyzer Summary
  3. Parallel Compilation
  4. Clocks
  5. Slow Model Fmax Summary
  6. Slow Model Setup Summary
  7. Slow Model Hold Summary
  8. Slow Model Recovery Summary
  9. Slow Model Removal Summary
 10. Slow Model Minimum Pulse Width Summary
 11. Slow Model Setup: 'CLOCK_50'
 12. Slow Model Hold: 'CLOCK_50'
 13. Slow Model Minimum Pulse Width: 'CLOCK_50'
 14. Setup Times
 15. Hold Times
 16. Clock to Output Times
 17. Minimum Clock to Output Times
 18. Fast Model Setup Summary
 19. Fast Model Hold Summary
 20. Fast Model Recovery Summary
 21. Fast Model Removal Summary
 22. Fast Model Minimum Pulse Width Summary
 23. Fast Model Setup: 'CLOCK_50'
 24. Fast Model Hold: 'CLOCK_50'
 25. Fast Model Minimum Pulse Width: 'CLOCK_50'
 26. Setup Times
 27. Hold Times
 28. Clock to Output Times
 29. Minimum Clock to Output Times
 30. Multicorner Timing Analysis Summary
 31. Setup Times
 32. Hold Times
 33. Clock to Output Times
 34. Minimum Clock to Output Times
 35. Setup Transfers
 36. Hold Transfers
 37. Report TCCS
 38. Report RSKM
 39. Unconstrained Paths
 40. TimeQuest Timing Analyzer Messages



----------------
; Legal Notice ;
----------------
Copyright (C) 1991-2013 Altera Corporation
Your use of Altera Corporation's design tools, logic functions 
and other software and tools, and its AMPP partner logic 
functions, and any output files from any of the foregoing 
(including device programming or simulation files), and any 
associated documentation or information are expressly subject 
to the terms and conditions of the Altera Program License 
Subscription Agreement, Altera MegaCore Function License 
Agreement, or other applicable license agreement, including, 
without limitation, that your use is for the sole purpose of 
programming logic devices manufactured by Altera and sold by 
Altera or its authorized distributors.  Please refer to the 
applicable agreement for further details.



+----------------------------------------------------------------------------------------+
; TimeQuest Timing Analyzer Summary                                                      ;
+--------------------+-------------------------------------------------------------------+
; Quartus II Version ; Version 13.0.1 Build 232 06/12/2013 Service Pack 1 SJ Web Edition ;
; Revision Name      ; Lab5_top_level                                                    ;
; Device Family      ; Cyclone II                                                        ;
; Device Name        ; EP2C35F672C6                                                      ;
; Timing Models      ; Final                                                             ;
; Delay Model        ; Combined                                                          ;
; Rise/Fall Delays   ; Unavailable                                                       ;
+--------------------+-------------------------------------------------------------------+


Parallel compilation was disabled, but you have multiple processors available. Enable parallel compilation to reduce compilation time.
+-------------------------------------+
; Parallel Compilation                ;
+----------------------------+--------+
; Processors                 ; Number ;
+----------------------------+--------+
; Number detected on machine ; 8      ;
; Maximum allowed            ; 1      ;
+----------------------------+--------+


+--------------------------------------------------------------------------------------------------------------------------------------------------------------------------------------+
; Clocks                                                                                                                                                                               ;
+------------+------+--------+------------+-------+-------+------------+-----------+-------------+-------+--------+-----------+------------+----------+--------+--------+--------------+
; Clock Name ; Type ; Period ; Frequency  ; Rise  ; Fall  ; Duty Cycle ; Divide by ; Multiply by ; Phase ; Offset ; Edge List ; Edge Shift ; Inverted ; Master ; Source ; Targets      ;
+------------+------+--------+------------+-------+-------+------------+-----------+-------------+-------+--------+-----------+------------+----------+--------+--------+--------------+
; CLOCK_50   ; Base ; 1.000  ; 1000.0 MHz ; 0.000 ; 0.500 ;            ;           ;             ;       ;        ;           ;            ;          ;        ;        ; { CLOCK_50 } ;
+------------+------+--------+------------+-------+-------+------------+-----------+-------------+-------+--------+-----------+------------+----------+--------+--------+--------------+


+--------------------------------------------------+
; Slow Model Fmax Summary                          ;
+------------+-----------------+------------+------+
; Fmax       ; Restricted Fmax ; Clock Name ; Note ;
+------------+-----------------+------------+------+
; 410.85 MHz ; 410.85 MHz      ; CLOCK_50   ;      ;
+------------+-----------------+------------+------+
This panel reports FMAX for every clock in the design, regardless of the user-specified clock periods.  FMAX is only computed for paths where the source and destination registers or ports are driven by the same clock.  Paths of different clocks, including generated clocks, are ignored.  For paths between a clock and its inversion, FMAX is computed as if the rising and falling edges are scaled along with FMAX, such that the duty cycle (in terms of a percentage) is maintained. Altera recommends that you always use clock constraints and other slack reports for sign-off analysis.


+-----------------------------------+
; Slow Model Setup Summary          ;
+----------+--------+---------------+
; Clock    ; Slack  ; End Point TNS ;
+----------+--------+---------------+
; CLOCK_50 ; -1.434 ; -24.431       ;
+----------+--------+---------------+


+----------------------------------+
; Slow Model Hold Summary          ;
+----------+-------+---------------+
; Clock    ; Slack ; End Point TNS ;
+----------+-------+---------------+
; CLOCK_50 ; 0.691 ; 0.000         ;
+----------+-------+---------------+


-------------------------------
; Slow Model Recovery Summary ;
-------------------------------
No paths to report.


------------------------------
; Slow Model Removal Summary ;
------------------------------
No paths to report.


+----------------------------------------+
; Slow Model Minimum Pulse Width Summary ;
+----------+--------+--------------------+
; Clock    ; Slack  ; End Point TNS      ;
+----------+--------+--------------------+
; CLOCK_50 ; -1.380 ; -23.380            ;
+----------+--------+--------------------+


+----------------------------------------------------------------------------------------------------------------------------------------------------------------------------------------------+
; Slow Model Setup: 'CLOCK_50'                                                                                                                                                                 ;
+--------+-------------------------------------------------------+-------------------------------------------------------+--------------+-------------+--------------+------------+------------+
; Slack  ; From Node                                             ; To Node                                               ; Launch Clock ; Latch Clock ; Relationship ; Clock Skew ; Data Delay ;
+--------+-------------------------------------------------------+-------------------------------------------------------+--------------+-------------+--------------+------------+------------+
; -1.434 ; edge_det:inst6|inst2                                  ; shift_reg:inst18|shift_cell:inst4|dff_enrst:inst|inst ; CLOCK_50     ; CLOCK_50    ; 1.000        ; 0.000      ; 2.470      ;
; -1.434 ; edge_det:inst6|inst2                                  ; shift_reg:inst18|shift_cell:inst2|dff_enrst:inst|inst ; CLOCK_50     ; CLOCK_50    ; 1.000        ; 0.000      ; 2.470      ;
; -1.434 ; edge_det:inst6|inst2                                  ; shift_reg:inst18|shift_cell:inst|dff_enrst:inst|inst  ; CLOCK_50     ; CLOCK_50    ; 1.000        ; 0.000      ; 2.470      ;
; -1.434 ; edge_det:inst6|inst2                                  ; shift_reg:inst16|shift_cell:inst4|dff_enrst:inst|inst ; CLOCK_50     ; CLOCK_50    ; 1.000        ; 0.000      ; 2.470      ;
; -1.434 ; edge_det:inst6|inst2                                  ; shift_reg:inst16|shift_cell:inst2|dff_enrst:inst|inst ; CLOCK_50     ; CLOCK_50    ; 1.000        ; 0.000      ; 2.470      ;
; -1.384 ; edge_det:inst5|inst2                                  ; shift_reg:inst17|shift_cell:inst5|dff_enrst:inst|inst ; CLOCK_50     ; CLOCK_50    ; 1.000        ; 0.000      ; 2.420      ;
; -1.298 ; edge_det:inst6|inst                                   ; shift_reg:inst18|shift_cell:inst4|dff_enrst:inst|inst ; CLOCK_50     ; CLOCK_50    ; 1.000        ; 0.000      ; 2.334      ;
; -1.298 ; edge_det:inst6|inst                                   ; shift_reg:inst18|shift_cell:inst2|dff_enrst:inst|inst ; CLOCK_50     ; CLOCK_50    ; 1.000        ; 0.000      ; 2.334      ;
; -1.298 ; edge_det:inst6|inst                                   ; shift_reg:inst18|shift_cell:inst|dff_enrst:inst|inst  ; CLOCK_50     ; CLOCK_50    ; 1.000        ; 0.000      ; 2.334      ;
; -1.298 ; edge_det:inst6|inst                                   ; shift_reg:inst16|shift_cell:inst4|dff_enrst:inst|inst ; CLOCK_50     ; CLOCK_50    ; 1.000        ; 0.000      ; 2.334      ;
; -1.298 ; edge_det:inst6|inst                                   ; shift_reg:inst16|shift_cell:inst2|dff_enrst:inst|inst ; CLOCK_50     ; CLOCK_50    ; 1.000        ; 0.000      ; 2.334      ;
; -1.285 ; edge_det:inst6|inst2                                  ; shift_reg:inst18|shift_cell:inst5|dff_enrst:inst|inst ; CLOCK_50     ; CLOCK_50    ; 1.000        ; 0.000      ; 2.321      ;
; -1.285 ; edge_det:inst6|inst2                                  ; shift_reg:inst17|shift_cell:inst5|dff_enrst:inst|inst ; CLOCK_50     ; CLOCK_50    ; 1.000        ; 0.000      ; 2.321      ;
; -1.285 ; edge_det:inst6|inst2                                  ; shift_reg:inst17|shift_cell:inst4|dff_enrst:inst|inst ; CLOCK_50     ; CLOCK_50    ; 1.000        ; 0.000      ; 2.321      ;
; -1.285 ; edge_det:inst6|inst2                                  ; shift_reg:inst17|shift_cell:inst2|dff_enrst:inst|inst ; CLOCK_50     ; CLOCK_50    ; 1.000        ; 0.000      ; 2.321      ;
; -1.285 ; edge_det:inst6|inst2                                  ; shift_reg:inst17|shift_cell:inst|dff_enrst:inst|inst  ; CLOCK_50     ; CLOCK_50    ; 1.000        ; 0.000      ; 2.321      ;
; -1.285 ; edge_det:inst6|inst2                                  ; shift_reg:inst16|shift_cell:inst5|dff_enrst:inst|inst ; CLOCK_50     ; CLOCK_50    ; 1.000        ; 0.000      ; 2.321      ;
; -1.285 ; edge_det:inst6|inst2                                  ; shift_reg:inst16|shift_cell:inst|dff_enrst:inst|inst  ; CLOCK_50     ; CLOCK_50    ; 1.000        ; 0.000      ; 2.321      ;
; -1.285 ; edge_det:inst6|inst2                                  ; shift_reg:inst15|shift_cell:inst5|dff_enrst:inst|inst ; CLOCK_50     ; CLOCK_50    ; 1.000        ; 0.000      ; 2.321      ;
; -1.285 ; edge_det:inst6|inst2                                  ; shift_reg:inst15|shift_cell:inst4|dff_enrst:inst|inst ; CLOCK_50     ; CLOCK_50    ; 1.000        ; 0.000      ; 2.321      ;
; -1.285 ; edge_det:inst6|inst2                                  ; shift_reg:inst15|shift_cell:inst2|dff_enrst:inst|inst ; CLOCK_50     ; CLOCK_50    ; 1.000        ; 0.000      ; 2.321      ;
; -1.285 ; edge_det:inst6|inst2                                  ; shift_reg:inst15|shift_cell:inst|dff_enrst:inst|inst  ; CLOCK_50     ; CLOCK_50    ; 1.000        ; 0.000      ; 2.321      ;
; -1.240 ; edge_det:inst5|inst2                                  ; shift_reg:inst18|shift_cell:inst5|dff_enrst:inst|inst ; CLOCK_50     ; CLOCK_50    ; 1.000        ; 0.000      ; 2.276      ;
; -1.238 ; edge_det:inst5|inst2                                  ; shift_reg:inst16|shift_cell:inst5|dff_enrst:inst|inst ; CLOCK_50     ; CLOCK_50    ; 1.000        ; 0.000      ; 2.274      ;
; -1.237 ; edge_det:inst5|inst2                                  ; shift_reg:inst15|shift_cell:inst5|dff_enrst:inst|inst ; CLOCK_50     ; CLOCK_50    ; 1.000        ; 0.000      ; 2.273      ;
; -1.216 ; edge_det:inst5|inst                                   ; shift_reg:inst18|shift_cell:inst4|dff_enrst:inst|inst ; CLOCK_50     ; CLOCK_50    ; 1.000        ; 0.000      ; 2.252      ;
; -1.216 ; edge_det:inst5|inst                                   ; shift_reg:inst18|shift_cell:inst2|dff_enrst:inst|inst ; CLOCK_50     ; CLOCK_50    ; 1.000        ; 0.000      ; 2.252      ;
; -1.216 ; edge_det:inst5|inst                                   ; shift_reg:inst18|shift_cell:inst|dff_enrst:inst|inst  ; CLOCK_50     ; CLOCK_50    ; 1.000        ; 0.000      ; 2.252      ;
; -1.216 ; edge_det:inst5|inst                                   ; shift_reg:inst16|shift_cell:inst4|dff_enrst:inst|inst ; CLOCK_50     ; CLOCK_50    ; 1.000        ; 0.000      ; 2.252      ;
; -1.216 ; edge_det:inst5|inst                                   ; shift_reg:inst16|shift_cell:inst2|dff_enrst:inst|inst ; CLOCK_50     ; CLOCK_50    ; 1.000        ; 0.000      ; 2.252      ;
; -1.178 ; edge_det:inst5|inst                                   ; edge_det:inst5|inst2                                  ; CLOCK_50     ; CLOCK_50    ; 1.000        ; 0.000      ; 2.214      ;
; -1.150 ; shift_reg:inst15|shift_cell:inst4|dff_enrst:inst|inst ; shift_reg:inst15|shift_cell:inst5|dff_enrst:inst|inst ; CLOCK_50     ; CLOCK_50    ; 1.000        ; 0.000      ; 2.186      ;
; -1.149 ; edge_det:inst6|inst                                   ; shift_reg:inst18|shift_cell:inst5|dff_enrst:inst|inst ; CLOCK_50     ; CLOCK_50    ; 1.000        ; 0.000      ; 2.185      ;
; -1.149 ; edge_det:inst6|inst                                   ; shift_reg:inst17|shift_cell:inst5|dff_enrst:inst|inst ; CLOCK_50     ; CLOCK_50    ; 1.000        ; 0.000      ; 2.185      ;
; -1.149 ; edge_det:inst6|inst                                   ; shift_reg:inst17|shift_cell:inst4|dff_enrst:inst|inst ; CLOCK_50     ; CLOCK_50    ; 1.000        ; 0.000      ; 2.185      ;
; -1.149 ; edge_det:inst6|inst                                   ; shift_reg:inst17|shift_cell:inst2|dff_enrst:inst|inst ; CLOCK_50     ; CLOCK_50    ; 1.000        ; 0.000      ; 2.185      ;
; -1.149 ; edge_det:inst6|inst                                   ; shift_reg:inst17|shift_cell:inst|dff_enrst:inst|inst  ; CLOCK_50     ; CLOCK_50    ; 1.000        ; 0.000      ; 2.185      ;
; -1.149 ; edge_det:inst6|inst                                   ; shift_reg:inst16|shift_cell:inst5|dff_enrst:inst|inst ; CLOCK_50     ; CLOCK_50    ; 1.000        ; 0.000      ; 2.185      ;
; -1.149 ; edge_det:inst6|inst                                   ; shift_reg:inst16|shift_cell:inst|dff_enrst:inst|inst  ; CLOCK_50     ; CLOCK_50    ; 1.000        ; 0.000      ; 2.185      ;
; -1.149 ; edge_det:inst6|inst                                   ; shift_reg:inst15|shift_cell:inst5|dff_enrst:inst|inst ; CLOCK_50     ; CLOCK_50    ; 1.000        ; 0.000      ; 2.185      ;
; -1.149 ; edge_det:inst6|inst                                   ; shift_reg:inst15|shift_cell:inst4|dff_enrst:inst|inst ; CLOCK_50     ; CLOCK_50    ; 1.000        ; 0.000      ; 2.185      ;
; -1.149 ; edge_det:inst6|inst                                   ; shift_reg:inst15|shift_cell:inst2|dff_enrst:inst|inst ; CLOCK_50     ; CLOCK_50    ; 1.000        ; 0.000      ; 2.185      ;
; -1.149 ; edge_det:inst6|inst                                   ; shift_reg:inst15|shift_cell:inst|dff_enrst:inst|inst  ; CLOCK_50     ; CLOCK_50    ; 1.000        ; 0.000      ; 2.185      ;
; -1.138 ; edge_det:inst4|inst2                                  ; shift_reg:inst18|shift_cell:inst4|dff_enrst:inst|inst ; CLOCK_50     ; CLOCK_50    ; 1.000        ; 0.000      ; 2.174      ;
; -1.138 ; edge_det:inst4|inst2                                  ; shift_reg:inst18|shift_cell:inst2|dff_enrst:inst|inst ; CLOCK_50     ; CLOCK_50    ; 1.000        ; 0.000      ; 2.174      ;
; -1.138 ; edge_det:inst4|inst2                                  ; shift_reg:inst18|shift_cell:inst|dff_enrst:inst|inst  ; CLOCK_50     ; CLOCK_50    ; 1.000        ; 0.000      ; 2.174      ;
; -1.138 ; edge_det:inst4|inst2                                  ; shift_reg:inst16|shift_cell:inst4|dff_enrst:inst|inst ; CLOCK_50     ; CLOCK_50    ; 1.000        ; 0.000      ; 2.174      ;
; -1.138 ; edge_det:inst4|inst2                                  ; shift_reg:inst16|shift_cell:inst2|dff_enrst:inst|inst ; CLOCK_50     ; CLOCK_50    ; 1.000        ; 0.000      ; 2.174      ;
; -1.127 ; shift_reg:inst15|shift_cell:inst2|dff_enrst:inst|inst ; shift_reg:inst15|shift_cell:inst5|dff_enrst:inst|inst ; CLOCK_50     ; CLOCK_50    ; 1.000        ; 0.000      ; 2.163      ;
; -1.119 ; edge_det:inst5|inst                                   ; shift_reg:inst17|shift_cell:inst5|dff_enrst:inst|inst ; CLOCK_50     ; CLOCK_50    ; 1.000        ; 0.000      ; 2.155      ;
; -1.106 ; edge_det:inst6|inst                                   ; edge_det:inst6|inst2                                  ; CLOCK_50     ; CLOCK_50    ; 1.000        ; 0.000      ; 2.142      ;
; -1.068 ; shift_reg:inst17|shift_cell:inst2|dff_enrst:inst|inst ; shift_reg:inst17|shift_cell:inst5|dff_enrst:inst|inst ; CLOCK_50     ; CLOCK_50    ; 1.000        ; 0.000      ; 2.104      ;
; -1.067 ; edge_det:inst5|inst                                   ; shift_reg:inst18|shift_cell:inst5|dff_enrst:inst|inst ; CLOCK_50     ; CLOCK_50    ; 1.000        ; 0.000      ; 2.103      ;
; -1.067 ; edge_det:inst5|inst                                   ; shift_reg:inst17|shift_cell:inst4|dff_enrst:inst|inst ; CLOCK_50     ; CLOCK_50    ; 1.000        ; 0.000      ; 2.103      ;
; -1.067 ; edge_det:inst5|inst                                   ; shift_reg:inst17|shift_cell:inst2|dff_enrst:inst|inst ; CLOCK_50     ; CLOCK_50    ; 1.000        ; 0.000      ; 2.103      ;
; -1.067 ; edge_det:inst5|inst                                   ; shift_reg:inst17|shift_cell:inst|dff_enrst:inst|inst  ; CLOCK_50     ; CLOCK_50    ; 1.000        ; 0.000      ; 2.103      ;
; -1.067 ; edge_det:inst5|inst                                   ; shift_reg:inst16|shift_cell:inst5|dff_enrst:inst|inst ; CLOCK_50     ; CLOCK_50    ; 1.000        ; 0.000      ; 2.103      ;
; -1.067 ; edge_det:inst5|inst                                   ; shift_reg:inst16|shift_cell:inst|dff_enrst:inst|inst  ; CLOCK_50     ; CLOCK_50    ; 1.000        ; 0.000      ; 2.103      ;
; -1.067 ; edge_det:inst5|inst                                   ; shift_reg:inst15|shift_cell:inst5|dff_enrst:inst|inst ; CLOCK_50     ; CLOCK_50    ; 1.000        ; 0.000      ; 2.103      ;
; -1.067 ; edge_det:inst5|inst                                   ; shift_reg:inst15|shift_cell:inst4|dff_enrst:inst|inst ; CLOCK_50     ; CLOCK_50    ; 1.000        ; 0.000      ; 2.103      ;
; -1.067 ; edge_det:inst5|inst                                   ; shift_reg:inst15|shift_cell:inst2|dff_enrst:inst|inst ; CLOCK_50     ; CLOCK_50    ; 1.000        ; 0.000      ; 2.103      ;
; -1.067 ; edge_det:inst5|inst                                   ; shift_reg:inst15|shift_cell:inst|dff_enrst:inst|inst  ; CLOCK_50     ; CLOCK_50    ; 1.000        ; 0.000      ; 2.103      ;
; -0.989 ; edge_det:inst4|inst2                                  ; shift_reg:inst18|shift_cell:inst5|dff_enrst:inst|inst ; CLOCK_50     ; CLOCK_50    ; 1.000        ; 0.000      ; 2.025      ;
; -0.989 ; edge_det:inst4|inst2                                  ; shift_reg:inst17|shift_cell:inst5|dff_enrst:inst|inst ; CLOCK_50     ; CLOCK_50    ; 1.000        ; 0.000      ; 2.025      ;
; -0.989 ; edge_det:inst4|inst2                                  ; shift_reg:inst17|shift_cell:inst4|dff_enrst:inst|inst ; CLOCK_50     ; CLOCK_50    ; 1.000        ; 0.000      ; 2.025      ;
; -0.989 ; edge_det:inst4|inst2                                  ; shift_reg:inst17|shift_cell:inst2|dff_enrst:inst|inst ; CLOCK_50     ; CLOCK_50    ; 1.000        ; 0.000      ; 2.025      ;
; -0.989 ; edge_det:inst4|inst2                                  ; shift_reg:inst17|shift_cell:inst|dff_enrst:inst|inst  ; CLOCK_50     ; CLOCK_50    ; 1.000        ; 0.000      ; 2.025      ;
; -0.989 ; edge_det:inst4|inst2                                  ; shift_reg:inst16|shift_cell:inst5|dff_enrst:inst|inst ; CLOCK_50     ; CLOCK_50    ; 1.000        ; 0.000      ; 2.025      ;
; -0.989 ; edge_det:inst4|inst2                                  ; shift_reg:inst16|shift_cell:inst|dff_enrst:inst|inst  ; CLOCK_50     ; CLOCK_50    ; 1.000        ; 0.000      ; 2.025      ;
; -0.989 ; edge_det:inst4|inst2                                  ; shift_reg:inst15|shift_cell:inst5|dff_enrst:inst|inst ; CLOCK_50     ; CLOCK_50    ; 1.000        ; 0.000      ; 2.025      ;
; -0.989 ; edge_det:inst4|inst2                                  ; shift_reg:inst15|shift_cell:inst4|dff_enrst:inst|inst ; CLOCK_50     ; CLOCK_50    ; 1.000        ; 0.000      ; 2.025      ;
; -0.989 ; edge_det:inst4|inst2                                  ; shift_reg:inst15|shift_cell:inst2|dff_enrst:inst|inst ; CLOCK_50     ; CLOCK_50    ; 1.000        ; 0.000      ; 2.025      ;
; -0.989 ; edge_det:inst4|inst2                                  ; shift_reg:inst15|shift_cell:inst|dff_enrst:inst|inst  ; CLOCK_50     ; CLOCK_50    ; 1.000        ; 0.000      ; 2.025      ;
; -0.985 ; shift_reg:inst16|shift_cell:inst5|dff_enrst:inst|inst ; shift_reg:inst16|shift_cell:inst5|dff_enrst:inst|inst ; CLOCK_50     ; CLOCK_50    ; 1.000        ; 0.000      ; 2.021      ;
; -0.975 ; edge_det:inst4|inst                                   ; shift_reg:inst18|shift_cell:inst4|dff_enrst:inst|inst ; CLOCK_50     ; CLOCK_50    ; 1.000        ; 0.000      ; 2.011      ;
; -0.975 ; edge_det:inst4|inst                                   ; shift_reg:inst18|shift_cell:inst2|dff_enrst:inst|inst ; CLOCK_50     ; CLOCK_50    ; 1.000        ; 0.000      ; 2.011      ;
; -0.975 ; edge_det:inst4|inst                                   ; shift_reg:inst18|shift_cell:inst|dff_enrst:inst|inst  ; CLOCK_50     ; CLOCK_50    ; 1.000        ; 0.000      ; 2.011      ;
; -0.975 ; edge_det:inst4|inst                                   ; shift_reg:inst16|shift_cell:inst4|dff_enrst:inst|inst ; CLOCK_50     ; CLOCK_50    ; 1.000        ; 0.000      ; 2.011      ;
; -0.975 ; edge_det:inst4|inst                                   ; shift_reg:inst16|shift_cell:inst2|dff_enrst:inst|inst ; CLOCK_50     ; CLOCK_50    ; 1.000        ; 0.000      ; 2.011      ;
; -0.963 ; shift_reg:inst16|shift_cell:inst4|dff_enrst:inst|inst ; shift_reg:inst16|shift_cell:inst5|dff_enrst:inst|inst ; CLOCK_50     ; CLOCK_50    ; 1.000        ; 0.000      ; 1.999      ;
; -0.952 ; shift_reg:inst15|shift_cell:inst4|dff_enrst:inst|inst ; shift_reg:inst15|shift_cell:inst2|dff_enrst:inst|inst ; CLOCK_50     ; CLOCK_50    ; 1.000        ; 0.000      ; 1.988      ;
; -0.938 ; shift_reg:inst18|shift_cell:inst4|dff_enrst:inst|inst ; shift_reg:inst18|shift_cell:inst5|dff_enrst:inst|inst ; CLOCK_50     ; CLOCK_50    ; 1.000        ; 0.000      ; 1.974      ;
; -0.907 ; shift_reg:inst15|shift_cell:inst5|dff_enrst:inst|inst ; shift_reg:inst15|shift_cell:inst5|dff_enrst:inst|inst ; CLOCK_50     ; CLOCK_50    ; 1.000        ; 0.000      ; 1.943      ;
; -0.891 ; edge_det:inst5|inst2                                  ; shift_reg:inst16|shift_cell:inst2|dff_enrst:inst|inst ; CLOCK_50     ; CLOCK_50    ; 1.000        ; 0.000      ; 1.927      ;
; -0.883 ; edge_det:inst4|inst                                   ; shift_reg:inst17|shift_cell:inst5|dff_enrst:inst|inst ; CLOCK_50     ; CLOCK_50    ; 1.000        ; 0.000      ; 1.919      ;
; -0.883 ; edge_det:inst4|inst                                   ; shift_reg:inst18|shift_cell:inst5|dff_enrst:inst|inst ; CLOCK_50     ; CLOCK_50    ; 1.000        ; 0.000      ; 1.919      ;
; -0.878 ; edge_det:inst4|inst                                   ; shift_reg:inst15|shift_cell:inst5|dff_enrst:inst|inst ; CLOCK_50     ; CLOCK_50    ; 1.000        ; 0.000      ; 1.914      ;
; -0.877 ; edge_det:inst4|inst                                   ; shift_reg:inst16|shift_cell:inst5|dff_enrst:inst|inst ; CLOCK_50     ; CLOCK_50    ; 1.000        ; 0.000      ; 1.913      ;
; -0.865 ; shift_reg:inst18|shift_cell:inst5|dff_enrst:inst|inst ; shift_reg:inst18|shift_cell:inst5|dff_enrst:inst|inst ; CLOCK_50     ; CLOCK_50    ; 1.000        ; 0.000      ; 1.901      ;
; -0.829 ; shift_reg:inst17|shift_cell:inst4|dff_enrst:inst|inst ; shift_reg:inst17|shift_cell:inst2|dff_enrst:inst|inst ; CLOCK_50     ; CLOCK_50    ; 1.000        ; 0.000      ; 1.865      ;
; -0.826 ; edge_det:inst4|inst                                   ; shift_reg:inst17|shift_cell:inst4|dff_enrst:inst|inst ; CLOCK_50     ; CLOCK_50    ; 1.000        ; 0.000      ; 1.862      ;
; -0.826 ; edge_det:inst4|inst                                   ; shift_reg:inst17|shift_cell:inst2|dff_enrst:inst|inst ; CLOCK_50     ; CLOCK_50    ; 1.000        ; 0.000      ; 1.862      ;
; -0.826 ; edge_det:inst4|inst                                   ; shift_reg:inst17|shift_cell:inst|dff_enrst:inst|inst  ; CLOCK_50     ; CLOCK_50    ; 1.000        ; 0.000      ; 1.862      ;
; -0.826 ; edge_det:inst4|inst                                   ; shift_reg:inst16|shift_cell:inst|dff_enrst:inst|inst  ; CLOCK_50     ; CLOCK_50    ; 1.000        ; 0.000      ; 1.862      ;
; -0.826 ; edge_det:inst4|inst                                   ; shift_reg:inst15|shift_cell:inst4|dff_enrst:inst|inst ; CLOCK_50     ; CLOCK_50    ; 1.000        ; 0.000      ; 1.862      ;
; -0.826 ; edge_det:inst4|inst                                   ; shift_reg:inst15|shift_cell:inst2|dff_enrst:inst|inst ; CLOCK_50     ; CLOCK_50    ; 1.000        ; 0.000      ; 1.862      ;
; -0.826 ; edge_det:inst4|inst                                   ; shift_reg:inst15|shift_cell:inst|dff_enrst:inst|inst  ; CLOCK_50     ; CLOCK_50    ; 1.000        ; 0.000      ; 1.862      ;
; -0.818 ; shift_reg:inst17|shift_cell:inst4|dff_enrst:inst|inst ; shift_reg:inst17|shift_cell:inst5|dff_enrst:inst|inst ; CLOCK_50     ; CLOCK_50    ; 1.000        ; 0.000      ; 1.854      ;
; -0.813 ; edge_det:inst5|inst2                                  ; shift_reg:inst15|shift_cell:inst4|dff_enrst:inst|inst ; CLOCK_50     ; CLOCK_50    ; 1.000        ; 0.000      ; 1.849      ;
; -0.778 ; shift_reg:inst18|shift_cell:inst2|dff_enrst:inst|inst ; shift_reg:inst18|shift_cell:inst5|dff_enrst:inst|inst ; CLOCK_50     ; CLOCK_50    ; 1.000        ; 0.000      ; 1.814      ;
+--------+-------------------------------------------------------+-------------------------------------------------------+--------------+-------------+--------------+------------+------------+


+---------------------------------------------------------------------------------------------------------------------------------------------------------------------------------------------+
; Slow Model Hold: 'CLOCK_50'                                                                                                                                                                 ;
+-------+-------------------------------------------------------+-------------------------------------------------------+--------------+-------------+--------------+------------+------------+
; Slack ; From Node                                             ; To Node                                               ; Launch Clock ; Latch Clock ; Relationship ; Clock Skew ; Data Delay ;
+-------+-------------------------------------------------------+-------------------------------------------------------+--------------+-------------+--------------+------------+------------+
; 0.691 ; edge_det:inst5|inst                                   ; shift_reg:inst18|shift_cell:inst|dff_enrst:inst|inst  ; CLOCK_50     ; CLOCK_50    ; 0.000        ; 0.000      ; 0.957      ;
; 0.730 ; edge_det:inst5|inst                                   ; shift_reg:inst17|shift_cell:inst|dff_enrst:inst|inst  ; CLOCK_50     ; CLOCK_50    ; 0.000        ; 0.000      ; 0.996      ;
; 0.835 ; edge_det:inst6|inst                                   ; shift_reg:inst16|shift_cell:inst|dff_enrst:inst|inst  ; CLOCK_50     ; CLOCK_50    ; 0.000        ; 0.000      ; 1.101      ;
; 0.839 ; edge_det:inst6|inst                                   ; shift_reg:inst15|shift_cell:inst|dff_enrst:inst|inst  ; CLOCK_50     ; CLOCK_50    ; 0.000        ; 0.000      ; 1.105      ;
; 0.971 ; edge_det:inst6|inst2                                  ; shift_reg:inst16|shift_cell:inst|dff_enrst:inst|inst  ; CLOCK_50     ; CLOCK_50    ; 0.000        ; 0.000      ; 1.237      ;
; 0.975 ; edge_det:inst6|inst2                                  ; shift_reg:inst15|shift_cell:inst|dff_enrst:inst|inst  ; CLOCK_50     ; CLOCK_50    ; 0.000        ; 0.000      ; 1.241      ;
; 1.033 ; edge_det:inst5|inst                                   ; shift_reg:inst15|shift_cell:inst|dff_enrst:inst|inst  ; CLOCK_50     ; CLOCK_50    ; 0.000        ; 0.000      ; 1.299      ;
; 1.036 ; edge_det:inst5|inst                                   ; shift_reg:inst16|shift_cell:inst|dff_enrst:inst|inst  ; CLOCK_50     ; CLOCK_50    ; 0.000        ; 0.000      ; 1.302      ;
; 1.105 ; edge_det:inst5|inst                                   ; shift_reg:inst18|shift_cell:inst2|dff_enrst:inst|inst ; CLOCK_50     ; CLOCK_50    ; 0.000        ; 0.000      ; 1.371      ;
; 1.106 ; edge_det:inst6|inst                                   ; shift_reg:inst17|shift_cell:inst2|dff_enrst:inst|inst ; CLOCK_50     ; CLOCK_50    ; 0.000        ; 0.000      ; 1.372      ;
; 1.108 ; edge_det:inst5|inst                                   ; shift_reg:inst18|shift_cell:inst4|dff_enrst:inst|inst ; CLOCK_50     ; CLOCK_50    ; 0.000        ; 0.000      ; 1.374      ;
; 1.109 ; edge_det:inst6|inst                                   ; shift_reg:inst15|shift_cell:inst2|dff_enrst:inst|inst ; CLOCK_50     ; CLOCK_50    ; 0.000        ; 0.000      ; 1.375      ;
; 1.110 ; edge_det:inst6|inst                                   ; shift_reg:inst17|shift_cell:inst|dff_enrst:inst|inst  ; CLOCK_50     ; CLOCK_50    ; 0.000        ; 0.000      ; 1.376      ;
; 1.111 ; edge_det:inst6|inst                                   ; shift_reg:inst17|shift_cell:inst4|dff_enrst:inst|inst ; CLOCK_50     ; CLOCK_50    ; 0.000        ; 0.000      ; 1.377      ;
; 1.114 ; edge_det:inst6|inst                                   ; shift_reg:inst15|shift_cell:inst4|dff_enrst:inst|inst ; CLOCK_50     ; CLOCK_50    ; 0.000        ; 0.000      ; 1.380      ;
; 1.116 ; edge_det:inst5|inst2                                  ; shift_reg:inst15|shift_cell:inst|dff_enrst:inst|inst  ; CLOCK_50     ; CLOCK_50    ; 0.000        ; 0.000      ; 1.382      ;
; 1.123 ; edge_det:inst5|inst2                                  ; shift_reg:inst17|shift_cell:inst|dff_enrst:inst|inst  ; CLOCK_50     ; CLOCK_50    ; 0.000        ; 0.000      ; 1.389      ;
; 1.140 ; edge_det:inst4|inst                                   ; shift_reg:inst15|shift_cell:inst4|dff_enrst:inst|inst ; CLOCK_50     ; CLOCK_50    ; 0.000        ; 0.000      ; 1.406      ;
; 1.141 ; edge_det:inst4|inst                                   ; shift_reg:inst17|shift_cell:inst4|dff_enrst:inst|inst ; CLOCK_50     ; CLOCK_50    ; 0.000        ; 0.000      ; 1.407      ;
; 1.142 ; edge_det:inst6|inst2                                  ; shift_reg:inst15|shift_cell:inst5|dff_enrst:inst|inst ; CLOCK_50     ; CLOCK_50    ; 0.000        ; 0.000      ; 1.408      ;
; 1.143 ; edge_det:inst6|inst2                                  ; shift_reg:inst16|shift_cell:inst5|dff_enrst:inst|inst ; CLOCK_50     ; CLOCK_50    ; 0.000        ; 0.000      ; 1.409      ;
; 1.143 ; edge_det:inst4|inst                                   ; shift_reg:inst15|shift_cell:inst2|dff_enrst:inst|inst ; CLOCK_50     ; CLOCK_50    ; 0.000        ; 0.000      ; 1.409      ;
; 1.145 ; edge_det:inst6|inst2                                  ; shift_reg:inst18|shift_cell:inst5|dff_enrst:inst|inst ; CLOCK_50     ; CLOCK_50    ; 0.000        ; 0.000      ; 1.411      ;
; 1.175 ; shift_reg:inst18|shift_cell:inst4|dff_enrst:inst|inst ; shift_reg:inst18|shift_cell:inst2|dff_enrst:inst|inst ; CLOCK_50     ; CLOCK_50    ; 0.000        ; 0.000      ; 1.441      ;
; 1.181 ; edge_det:inst4|inst                                   ; shift_reg:inst16|shift_cell:inst2|dff_enrst:inst|inst ; CLOCK_50     ; CLOCK_50    ; 0.000        ; 0.000      ; 1.447      ;
; 1.181 ; edge_det:inst4|inst                                   ; shift_reg:inst18|shift_cell:inst2|dff_enrst:inst|inst ; CLOCK_50     ; CLOCK_50    ; 0.000        ; 0.000      ; 1.447      ;
; 1.183 ; edge_det:inst4|inst                                   ; shift_reg:inst18|shift_cell:inst4|dff_enrst:inst|inst ; CLOCK_50     ; CLOCK_50    ; 0.000        ; 0.000      ; 1.449      ;
; 1.198 ; edge_det:inst5|inst2                                  ; shift_reg:inst18|shift_cell:inst5|dff_enrst:inst|inst ; CLOCK_50     ; CLOCK_50    ; 0.000        ; 0.000      ; 1.464      ;
; 1.198 ; edge_det:inst5|inst2                                  ; shift_reg:inst17|shift_cell:inst5|dff_enrst:inst|inst ; CLOCK_50     ; CLOCK_50    ; 0.000        ; 0.000      ; 1.464      ;
; 1.198 ; edge_det:inst5|inst2                                  ; shift_reg:inst17|shift_cell:inst4|dff_enrst:inst|inst ; CLOCK_50     ; CLOCK_50    ; 0.000        ; 0.000      ; 1.464      ;
; 1.198 ; edge_det:inst5|inst2                                  ; shift_reg:inst17|shift_cell:inst2|dff_enrst:inst|inst ; CLOCK_50     ; CLOCK_50    ; 0.000        ; 0.000      ; 1.464      ;
; 1.198 ; edge_det:inst5|inst2                                  ; shift_reg:inst16|shift_cell:inst5|dff_enrst:inst|inst ; CLOCK_50     ; CLOCK_50    ; 0.000        ; 0.000      ; 1.464      ;
; 1.198 ; edge_det:inst5|inst2                                  ; shift_reg:inst16|shift_cell:inst|dff_enrst:inst|inst  ; CLOCK_50     ; CLOCK_50    ; 0.000        ; 0.000      ; 1.464      ;
; 1.198 ; edge_det:inst5|inst2                                  ; shift_reg:inst15|shift_cell:inst5|dff_enrst:inst|inst ; CLOCK_50     ; CLOCK_50    ; 0.000        ; 0.000      ; 1.464      ;
; 1.198 ; edge_det:inst5|inst2                                  ; shift_reg:inst15|shift_cell:inst4|dff_enrst:inst|inst ; CLOCK_50     ; CLOCK_50    ; 0.000        ; 0.000      ; 1.464      ;
; 1.198 ; edge_det:inst5|inst2                                  ; shift_reg:inst15|shift_cell:inst2|dff_enrst:inst|inst ; CLOCK_50     ; CLOCK_50    ; 0.000        ; 0.000      ; 1.464      ;
; 1.219 ; edge_det:inst6|inst                                   ; shift_reg:inst18|shift_cell:inst|dff_enrst:inst|inst  ; CLOCK_50     ; CLOCK_50    ; 0.000        ; 0.000      ; 1.485      ;
; 1.242 ; edge_det:inst6|inst2                                  ; shift_reg:inst17|shift_cell:inst2|dff_enrst:inst|inst ; CLOCK_50     ; CLOCK_50    ; 0.000        ; 0.000      ; 1.508      ;
; 1.245 ; edge_det:inst6|inst2                                  ; shift_reg:inst15|shift_cell:inst2|dff_enrst:inst|inst ; CLOCK_50     ; CLOCK_50    ; 0.000        ; 0.000      ; 1.511      ;
; 1.246 ; edge_det:inst6|inst2                                  ; shift_reg:inst17|shift_cell:inst|dff_enrst:inst|inst  ; CLOCK_50     ; CLOCK_50    ; 0.000        ; 0.000      ; 1.512      ;
; 1.247 ; edge_det:inst6|inst2                                  ; shift_reg:inst17|shift_cell:inst4|dff_enrst:inst|inst ; CLOCK_50     ; CLOCK_50    ; 0.000        ; 0.000      ; 1.513      ;
; 1.250 ; edge_det:inst6|inst2                                  ; shift_reg:inst15|shift_cell:inst4|dff_enrst:inst|inst ; CLOCK_50     ; CLOCK_50    ; 0.000        ; 0.000      ; 1.516      ;
; 1.281 ; edge_det:inst4|inst                                   ; shift_reg:inst17|shift_cell:inst2|dff_enrst:inst|inst ; CLOCK_50     ; CLOCK_50    ; 0.000        ; 0.000      ; 1.547      ;
; 1.289 ; edge_det:inst6|inst2                                  ; shift_reg:inst17|shift_cell:inst5|dff_enrst:inst|inst ; CLOCK_50     ; CLOCK_50    ; 0.000        ; 0.000      ; 1.555      ;
; 1.294 ; edge_det:inst5|inst2                                  ; shift_reg:inst18|shift_cell:inst|dff_enrst:inst|inst  ; CLOCK_50     ; CLOCK_50    ; 0.000        ; 0.000      ; 1.560      ;
; 1.303 ; edge_det:inst4|inst2                                  ; shift_reg:inst15|shift_cell:inst4|dff_enrst:inst|inst ; CLOCK_50     ; CLOCK_50    ; 0.000        ; 0.000      ; 1.569      ;
; 1.304 ; edge_det:inst4|inst2                                  ; shift_reg:inst17|shift_cell:inst4|dff_enrst:inst|inst ; CLOCK_50     ; CLOCK_50    ; 0.000        ; 0.000      ; 1.570      ;
; 1.306 ; edge_det:inst4|inst2                                  ; shift_reg:inst15|shift_cell:inst2|dff_enrst:inst|inst ; CLOCK_50     ; CLOCK_50    ; 0.000        ; 0.000      ; 1.572      ;
; 1.323 ; edge_det:inst4|inst                                   ; shift_reg:inst16|shift_cell:inst4|dff_enrst:inst|inst ; CLOCK_50     ; CLOCK_50    ; 0.000        ; 0.000      ; 1.589      ;
; 1.327 ; edge_det:inst6|inst                                   ; shift_reg:inst18|shift_cell:inst4|dff_enrst:inst|inst ; CLOCK_50     ; CLOCK_50    ; 0.000        ; 0.000      ; 1.593      ;
; 1.327 ; edge_det:inst6|inst                                   ; shift_reg:inst16|shift_cell:inst4|dff_enrst:inst|inst ; CLOCK_50     ; CLOCK_50    ; 0.000        ; 0.000      ; 1.593      ;
; 1.329 ; edge_det:inst4|inst2                                  ; shift_reg:inst16|shift_cell:inst5|dff_enrst:inst|inst ; CLOCK_50     ; CLOCK_50    ; 0.000        ; 0.000      ; 1.595      ;
; 1.329 ; edge_det:inst6|inst                                   ; shift_reg:inst16|shift_cell:inst2|dff_enrst:inst|inst ; CLOCK_50     ; CLOCK_50    ; 0.000        ; 0.000      ; 1.595      ;
; 1.330 ; edge_det:inst4|inst2                                  ; shift_reg:inst15|shift_cell:inst5|dff_enrst:inst|inst ; CLOCK_50     ; CLOCK_50    ; 0.000        ; 0.000      ; 1.596      ;
; 1.331 ; edge_det:inst6|inst                                   ; shift_reg:inst18|shift_cell:inst2|dff_enrst:inst|inst ; CLOCK_50     ; CLOCK_50    ; 0.000        ; 0.000      ; 1.597      ;
; 1.333 ; shift_reg:inst17|shift_cell:inst5|dff_enrst:inst|inst ; shift_reg:inst17|shift_cell:inst4|dff_enrst:inst|inst ; CLOCK_50     ; CLOCK_50    ; 0.000        ; 0.000      ; 1.599      ;
; 1.334 ; edge_det:inst5|inst                                   ; shift_reg:inst16|shift_cell:inst4|dff_enrst:inst|inst ; CLOCK_50     ; CLOCK_50    ; 0.000        ; 0.000      ; 1.600      ;
; 1.335 ; edge_det:inst4|inst2                                  ; shift_reg:inst18|shift_cell:inst5|dff_enrst:inst|inst ; CLOCK_50     ; CLOCK_50    ; 0.000        ; 0.000      ; 1.601      ;
; 1.335 ; edge_det:inst4|inst2                                  ; shift_reg:inst17|shift_cell:inst5|dff_enrst:inst|inst ; CLOCK_50     ; CLOCK_50    ; 0.000        ; 0.000      ; 1.601      ;
; 1.344 ; edge_det:inst4|inst2                                  ; shift_reg:inst16|shift_cell:inst2|dff_enrst:inst|inst ; CLOCK_50     ; CLOCK_50    ; 0.000        ; 0.000      ; 1.610      ;
; 1.344 ; edge_det:inst4|inst2                                  ; shift_reg:inst18|shift_cell:inst2|dff_enrst:inst|inst ; CLOCK_50     ; CLOCK_50    ; 0.000        ; 0.000      ; 1.610      ;
; 1.346 ; edge_det:inst4|inst2                                  ; shift_reg:inst18|shift_cell:inst4|dff_enrst:inst|inst ; CLOCK_50     ; CLOCK_50    ; 0.000        ; 0.000      ; 1.612      ;
; 1.347 ; edge_det:inst5|inst2                                  ; shift_reg:inst18|shift_cell:inst4|dff_enrst:inst|inst ; CLOCK_50     ; CLOCK_50    ; 0.000        ; 0.000      ; 1.613      ;
; 1.347 ; edge_det:inst5|inst2                                  ; shift_reg:inst18|shift_cell:inst2|dff_enrst:inst|inst ; CLOCK_50     ; CLOCK_50    ; 0.000        ; 0.000      ; 1.613      ;
; 1.347 ; edge_det:inst5|inst2                                  ; shift_reg:inst16|shift_cell:inst4|dff_enrst:inst|inst ; CLOCK_50     ; CLOCK_50    ; 0.000        ; 0.000      ; 1.613      ;
; 1.347 ; edge_det:inst5|inst2                                  ; shift_reg:inst16|shift_cell:inst2|dff_enrst:inst|inst ; CLOCK_50     ; CLOCK_50    ; 0.000        ; 0.000      ; 1.613      ;
; 1.353 ; shift_reg:inst15|shift_cell:inst5|dff_enrst:inst|inst ; shift_reg:inst15|shift_cell:inst4|dff_enrst:inst|inst ; CLOCK_50     ; CLOCK_50    ; 0.000        ; 0.000      ; 1.619      ;
; 1.355 ; edge_det:inst6|inst2                                  ; shift_reg:inst18|shift_cell:inst|dff_enrst:inst|inst  ; CLOCK_50     ; CLOCK_50    ; 0.000        ; 0.000      ; 1.621      ;
; 1.366 ; shift_reg:inst16|shift_cell:inst4|dff_enrst:inst|inst ; shift_reg:inst16|shift_cell:inst2|dff_enrst:inst|inst ; CLOCK_50     ; CLOCK_50    ; 0.000        ; 0.000      ; 1.632      ;
; 1.381 ; shift_reg:inst18|shift_cell:inst5|dff_enrst:inst|inst ; shift_reg:inst18|shift_cell:inst4|dff_enrst:inst|inst ; CLOCK_50     ; CLOCK_50    ; 0.000        ; 0.000      ; 1.647      ;
; 1.428 ; shift_reg:inst16|shift_cell:inst2|dff_enrst:inst|inst ; shift_reg:inst16|shift_cell:inst5|dff_enrst:inst|inst ; CLOCK_50     ; CLOCK_50    ; 0.000        ; 0.000      ; 1.694      ;
; 1.444 ; edge_det:inst4|inst2                                  ; shift_reg:inst17|shift_cell:inst2|dff_enrst:inst|inst ; CLOCK_50     ; CLOCK_50    ; 0.000        ; 0.000      ; 1.710      ;
; 1.459 ; edge_det:inst5|inst                                   ; shift_reg:inst16|shift_cell:inst2|dff_enrst:inst|inst ; CLOCK_50     ; CLOCK_50    ; 0.000        ; 0.000      ; 1.725      ;
; 1.463 ; edge_det:inst6|inst2                                  ; shift_reg:inst18|shift_cell:inst4|dff_enrst:inst|inst ; CLOCK_50     ; CLOCK_50    ; 0.000        ; 0.000      ; 1.729      ;
; 1.463 ; edge_det:inst6|inst2                                  ; shift_reg:inst16|shift_cell:inst4|dff_enrst:inst|inst ; CLOCK_50     ; CLOCK_50    ; 0.000        ; 0.000      ; 1.729      ;
; 1.463 ; shift_reg:inst16|shift_cell:inst5|dff_enrst:inst|inst ; shift_reg:inst16|shift_cell:inst4|dff_enrst:inst|inst ; CLOCK_50     ; CLOCK_50    ; 0.000        ; 0.000      ; 1.729      ;
; 1.465 ; edge_det:inst6|inst2                                  ; shift_reg:inst16|shift_cell:inst2|dff_enrst:inst|inst ; CLOCK_50     ; CLOCK_50    ; 0.000        ; 0.000      ; 1.731      ;
; 1.467 ; edge_det:inst6|inst2                                  ; shift_reg:inst18|shift_cell:inst2|dff_enrst:inst|inst ; CLOCK_50     ; CLOCK_50    ; 0.000        ; 0.000      ; 1.733      ;
; 1.486 ; edge_det:inst4|inst2                                  ; shift_reg:inst16|shift_cell:inst4|dff_enrst:inst|inst ; CLOCK_50     ; CLOCK_50    ; 0.000        ; 0.000      ; 1.752      ;
; 1.513 ; edge_det:inst4|inst                                   ; edge_det:inst4|inst2                                  ; CLOCK_50     ; CLOCK_50    ; 0.000        ; 0.000      ; 1.779      ;
; 1.529 ; shift_reg:inst17|shift_cell:inst5|dff_enrst:inst|inst ; shift_reg:inst17|shift_cell:inst5|dff_enrst:inst|inst ; CLOCK_50     ; CLOCK_50    ; 0.000        ; 0.000      ; 1.795      ;
; 1.548 ; shift_reg:inst18|shift_cell:inst2|dff_enrst:inst|inst ; shift_reg:inst18|shift_cell:inst5|dff_enrst:inst|inst ; CLOCK_50     ; CLOCK_50    ; 0.000        ; 0.000      ; 1.814      ;
; 1.566 ; edge_det:inst6|inst                                   ; shift_reg:inst16|shift_cell:inst5|dff_enrst:inst|inst ; CLOCK_50     ; CLOCK_50    ; 0.000        ; 0.000      ; 1.832      ;
; 1.567 ; edge_det:inst6|inst                                   ; shift_reg:inst15|shift_cell:inst5|dff_enrst:inst|inst ; CLOCK_50     ; CLOCK_50    ; 0.000        ; 0.000      ; 1.833      ;
; 1.572 ; edge_det:inst6|inst                                   ; shift_reg:inst18|shift_cell:inst5|dff_enrst:inst|inst ; CLOCK_50     ; CLOCK_50    ; 0.000        ; 0.000      ; 1.838      ;
; 1.572 ; edge_det:inst6|inst                                   ; shift_reg:inst17|shift_cell:inst5|dff_enrst:inst|inst ; CLOCK_50     ; CLOCK_50    ; 0.000        ; 0.000      ; 1.838      ;
; 1.588 ; shift_reg:inst17|shift_cell:inst4|dff_enrst:inst|inst ; shift_reg:inst17|shift_cell:inst5|dff_enrst:inst|inst ; CLOCK_50     ; CLOCK_50    ; 0.000        ; 0.000      ; 1.854      ;
; 1.596 ; edge_det:inst4|inst                                   ; shift_reg:inst18|shift_cell:inst5|dff_enrst:inst|inst ; CLOCK_50     ; CLOCK_50    ; 0.000        ; 0.000      ; 1.862      ;
; 1.596 ; edge_det:inst4|inst                                   ; shift_reg:inst17|shift_cell:inst5|dff_enrst:inst|inst ; CLOCK_50     ; CLOCK_50    ; 0.000        ; 0.000      ; 1.862      ;
; 1.596 ; edge_det:inst4|inst                                   ; shift_reg:inst17|shift_cell:inst|dff_enrst:inst|inst  ; CLOCK_50     ; CLOCK_50    ; 0.000        ; 0.000      ; 1.862      ;
; 1.596 ; edge_det:inst4|inst                                   ; shift_reg:inst16|shift_cell:inst5|dff_enrst:inst|inst ; CLOCK_50     ; CLOCK_50    ; 0.000        ; 0.000      ; 1.862      ;
; 1.596 ; edge_det:inst4|inst                                   ; shift_reg:inst16|shift_cell:inst|dff_enrst:inst|inst  ; CLOCK_50     ; CLOCK_50    ; 0.000        ; 0.000      ; 1.862      ;
; 1.596 ; edge_det:inst4|inst                                   ; shift_reg:inst15|shift_cell:inst5|dff_enrst:inst|inst ; CLOCK_50     ; CLOCK_50    ; 0.000        ; 0.000      ; 1.862      ;
; 1.596 ; edge_det:inst4|inst                                   ; shift_reg:inst15|shift_cell:inst|dff_enrst:inst|inst  ; CLOCK_50     ; CLOCK_50    ; 0.000        ; 0.000      ; 1.862      ;
; 1.599 ; shift_reg:inst17|shift_cell:inst4|dff_enrst:inst|inst ; shift_reg:inst17|shift_cell:inst2|dff_enrst:inst|inst ; CLOCK_50     ; CLOCK_50    ; 0.000        ; 0.000      ; 1.865      ;
; 1.635 ; shift_reg:inst18|shift_cell:inst5|dff_enrst:inst|inst ; shift_reg:inst18|shift_cell:inst5|dff_enrst:inst|inst ; CLOCK_50     ; CLOCK_50    ; 0.000        ; 0.000      ; 1.901      ;
; 1.638 ; edge_det:inst5|inst                                   ; shift_reg:inst17|shift_cell:inst4|dff_enrst:inst|inst ; CLOCK_50     ; CLOCK_50    ; 0.000        ; 0.000      ; 1.904      ;
; 1.672 ; edge_det:inst5|inst                                   ; shift_reg:inst15|shift_cell:inst4|dff_enrst:inst|inst ; CLOCK_50     ; CLOCK_50    ; 0.000        ; 0.000      ; 1.938      ;
; 1.674 ; edge_det:inst5|inst                                   ; shift_reg:inst17|shift_cell:inst2|dff_enrst:inst|inst ; CLOCK_50     ; CLOCK_50    ; 0.000        ; 0.000      ; 1.940      ;
; 1.675 ; edge_det:inst5|inst                                   ; shift_reg:inst15|shift_cell:inst2|dff_enrst:inst|inst ; CLOCK_50     ; CLOCK_50    ; 0.000        ; 0.000      ; 1.941      ;
+-------+-------------------------------------------------------+-------------------------------------------------------+--------------+-------------+--------------+------------+------------+


+-------------------------------------------------------------------------------------------------------------------------------------------+
; Slow Model Minimum Pulse Width: 'CLOCK_50'                                                                                                ;
+--------+--------------+----------------+------------------+----------+------------+-------------------------------------------------------+
; Slack  ; Actual Width ; Required Width ; Type             ; Clock    ; Clock Edge ; Target                                                ;
+--------+--------------+----------------+------------------+----------+------------+-------------------------------------------------------+
; -1.380 ; 1.000        ; 2.380          ; Port Rate        ; CLOCK_50 ; Rise       ; CLOCK_50                                              ;
; -0.500 ; 0.500        ; 1.000          ; High Pulse Width ; CLOCK_50 ; Rise       ; edge_det:inst4|inst                                   ;
; -0.500 ; 0.500        ; 1.000          ; Low Pulse Width  ; CLOCK_50 ; Rise       ; edge_det:inst4|inst                                   ;
; -0.500 ; 0.500        ; 1.000          ; High Pulse Width ; CLOCK_50 ; Rise       ; edge_det:inst4|inst2                                  ;
; -0.500 ; 0.500        ; 1.000          ; Low Pulse Width  ; CLOCK_50 ; Rise       ; edge_det:inst4|inst2                                  ;
; -0.500 ; 0.500        ; 1.000          ; High Pulse Width ; CLOCK_50 ; Rise       ; edge_det:inst5|inst                                   ;
; -0.500 ; 0.500        ; 1.000          ; Low Pulse Width  ; CLOCK_50 ; Rise       ; edge_det:inst5|inst                                   ;
; -0.500 ; 0.500        ; 1.000          ; High Pulse Width ; CLOCK_50 ; Rise       ; edge_det:inst5|inst2                                  ;
; -0.500 ; 0.500        ; 1.000          ; Low Pulse Width  ; CLOCK_50 ; Rise       ; edge_det:inst5|inst2                                  ;
; -0.500 ; 0.500        ; 1.000          ; High Pulse Width ; CLOCK_50 ; Rise       ; edge_det:inst6|inst                                   ;
; -0.500 ; 0.500        ; 1.000          ; Low Pulse Width  ; CLOCK_50 ; Rise       ; edge_det:inst6|inst                                   ;
; -0.500 ; 0.500        ; 1.000          ; High Pulse Width ; CLOCK_50 ; Rise       ; edge_det:inst6|inst2                                  ;
; -0.500 ; 0.500        ; 1.000          ; Low Pulse Width  ; CLOCK_50 ; Rise       ; edge_det:inst6|inst2                                  ;
; -0.500 ; 0.500        ; 1.000          ; High Pulse Width ; CLOCK_50 ; Rise       ; shift_reg:inst15|shift_cell:inst2|dff_enrst:inst|inst ;
; -0.500 ; 0.500        ; 1.000          ; Low Pulse Width  ; CLOCK_50 ; Rise       ; shift_reg:inst15|shift_cell:inst2|dff_enrst:inst|inst ;
; -0.500 ; 0.500        ; 1.000          ; High Pulse Width ; CLOCK_50 ; Rise       ; shift_reg:inst15|shift_cell:inst4|dff_enrst:inst|inst ;
; -0.500 ; 0.500        ; 1.000          ; Low Pulse Width  ; CLOCK_50 ; Rise       ; shift_reg:inst15|shift_cell:inst4|dff_enrst:inst|inst ;
; -0.500 ; 0.500        ; 1.000          ; High Pulse Width ; CLOCK_50 ; Rise       ; shift_reg:inst15|shift_cell:inst5|dff_enrst:inst|inst ;
; -0.500 ; 0.500        ; 1.000          ; Low Pulse Width  ; CLOCK_50 ; Rise       ; shift_reg:inst15|shift_cell:inst5|dff_enrst:inst|inst ;
; -0.500 ; 0.500        ; 1.000          ; High Pulse Width ; CLOCK_50 ; Rise       ; shift_reg:inst15|shift_cell:inst|dff_enrst:inst|inst  ;
; -0.500 ; 0.500        ; 1.000          ; Low Pulse Width  ; CLOCK_50 ; Rise       ; shift_reg:inst15|shift_cell:inst|dff_enrst:inst|inst  ;
; -0.500 ; 0.500        ; 1.000          ; High Pulse Width ; CLOCK_50 ; Rise       ; shift_reg:inst16|shift_cell:inst2|dff_enrst:inst|inst ;
; -0.500 ; 0.500        ; 1.000          ; Low Pulse Width  ; CLOCK_50 ; Rise       ; shift_reg:inst16|shift_cell:inst2|dff_enrst:inst|inst ;
; -0.500 ; 0.500        ; 1.000          ; High Pulse Width ; CLOCK_50 ; Rise       ; shift_reg:inst16|shift_cell:inst4|dff_enrst:inst|inst ;
; -0.500 ; 0.500        ; 1.000          ; Low Pulse Width  ; CLOCK_50 ; Rise       ; shift_reg:inst16|shift_cell:inst4|dff_enrst:inst|inst ;
; -0.500 ; 0.500        ; 1.000          ; High Pulse Width ; CLOCK_50 ; Rise       ; shift_reg:inst16|shift_cell:inst5|dff_enrst:inst|inst ;
; -0.500 ; 0.500        ; 1.000          ; Low Pulse Width  ; CLOCK_50 ; Rise       ; shift_reg:inst16|shift_cell:inst5|dff_enrst:inst|inst ;
; -0.500 ; 0.500        ; 1.000          ; High Pulse Width ; CLOCK_50 ; Rise       ; shift_reg:inst16|shift_cell:inst|dff_enrst:inst|inst  ;
; -0.500 ; 0.500        ; 1.000          ; Low Pulse Width  ; CLOCK_50 ; Rise       ; shift_reg:inst16|shift_cell:inst|dff_enrst:inst|inst  ;
; -0.500 ; 0.500        ; 1.000          ; High Pulse Width ; CLOCK_50 ; Rise       ; shift_reg:inst17|shift_cell:inst2|dff_enrst:inst|inst ;
; -0.500 ; 0.500        ; 1.000          ; Low Pulse Width  ; CLOCK_50 ; Rise       ; shift_reg:inst17|shift_cell:inst2|dff_enrst:inst|inst ;
; -0.500 ; 0.500        ; 1.000          ; High Pulse Width ; CLOCK_50 ; Rise       ; shift_reg:inst17|shift_cell:inst4|dff_enrst:inst|inst ;
; -0.500 ; 0.500        ; 1.000          ; Low Pulse Width  ; CLOCK_50 ; Rise       ; shift_reg:inst17|shift_cell:inst4|dff_enrst:inst|inst ;
; -0.500 ; 0.500        ; 1.000          ; High Pulse Width ; CLOCK_50 ; Rise       ; shift_reg:inst17|shift_cell:inst5|dff_enrst:inst|inst ;
; -0.500 ; 0.500        ; 1.000          ; Low Pulse Width  ; CLOCK_50 ; Rise       ; shift_reg:inst17|shift_cell:inst5|dff_enrst:inst|inst ;
; -0.500 ; 0.500        ; 1.000          ; High Pulse Width ; CLOCK_50 ; Rise       ; shift_reg:inst17|shift_cell:inst|dff_enrst:inst|inst  ;
; -0.500 ; 0.500        ; 1.000          ; Low Pulse Width  ; CLOCK_50 ; Rise       ; shift_reg:inst17|shift_cell:inst|dff_enrst:inst|inst  ;
; -0.500 ; 0.500        ; 1.000          ; High Pulse Width ; CLOCK_50 ; Rise       ; shift_reg:inst18|shift_cell:inst2|dff_enrst:inst|inst ;
; -0.500 ; 0.500        ; 1.000          ; Low Pulse Width  ; CLOCK_50 ; Rise       ; shift_reg:inst18|shift_cell:inst2|dff_enrst:inst|inst ;
; -0.500 ; 0.500        ; 1.000          ; High Pulse Width ; CLOCK_50 ; Rise       ; shift_reg:inst18|shift_cell:inst4|dff_enrst:inst|inst ;
; -0.500 ; 0.500        ; 1.000          ; Low Pulse Width  ; CLOCK_50 ; Rise       ; shift_reg:inst18|shift_cell:inst4|dff_enrst:inst|inst ;
; -0.500 ; 0.500        ; 1.000          ; High Pulse Width ; CLOCK_50 ; Rise       ; shift_reg:inst18|shift_cell:inst5|dff_enrst:inst|inst ;
; -0.500 ; 0.500        ; 1.000          ; Low Pulse Width  ; CLOCK_50 ; Rise       ; shift_reg:inst18|shift_cell:inst5|dff_enrst:inst|inst ;
; -0.500 ; 0.500        ; 1.000          ; High Pulse Width ; CLOCK_50 ; Rise       ; shift_reg:inst18|shift_cell:inst|dff_enrst:inst|inst  ;
; -0.500 ; 0.500        ; 1.000          ; Low Pulse Width  ; CLOCK_50 ; Rise       ; shift_reg:inst18|shift_cell:inst|dff_enrst:inst|inst  ;
; 0.500  ; 0.500        ; 0.000          ; High Pulse Width ; CLOCK_50 ; Rise       ; CLOCK_50|combout                                      ;
; 0.500  ; 0.500        ; 0.000          ; Low Pulse Width  ; CLOCK_50 ; Rise       ; CLOCK_50|combout                                      ;
; 0.500  ; 0.500        ; 0.000          ; High Pulse Width ; CLOCK_50 ; Rise       ; CLOCK_50~clkctrl|inclk[0]                             ;
; 0.500  ; 0.500        ; 0.000          ; Low Pulse Width  ; CLOCK_50 ; Rise       ; CLOCK_50~clkctrl|inclk[0]                             ;
; 0.500  ; 0.500        ; 0.000          ; High Pulse Width ; CLOCK_50 ; Rise       ; CLOCK_50~clkctrl|outclk                               ;
; 0.500  ; 0.500        ; 0.000          ; Low Pulse Width  ; CLOCK_50 ; Rise       ; CLOCK_50~clkctrl|outclk                               ;
; 0.500  ; 0.500        ; 0.000          ; High Pulse Width ; CLOCK_50 ; Rise       ; inst15|inst2|inst|inst|clk                            ;
; 0.500  ; 0.500        ; 0.000          ; Low Pulse Width  ; CLOCK_50 ; Rise       ; inst15|inst2|inst|inst|clk                            ;
; 0.500  ; 0.500        ; 0.000          ; High Pulse Width ; CLOCK_50 ; Rise       ; inst15|inst4|inst|inst|clk                            ;
; 0.500  ; 0.500        ; 0.000          ; Low Pulse Width  ; CLOCK_50 ; Rise       ; inst15|inst4|inst|inst|clk                            ;
; 0.500  ; 0.500        ; 0.000          ; High Pulse Width ; CLOCK_50 ; Rise       ; inst15|inst5|inst|inst|clk                            ;
; 0.500  ; 0.500        ; 0.000          ; Low Pulse Width  ; CLOCK_50 ; Rise       ; inst15|inst5|inst|inst|clk                            ;
; 0.500  ; 0.500        ; 0.000          ; High Pulse Width ; CLOCK_50 ; Rise       ; inst15|inst|inst|inst|clk                             ;
; 0.500  ; 0.500        ; 0.000          ; Low Pulse Width  ; CLOCK_50 ; Rise       ; inst15|inst|inst|inst|clk                             ;
; 0.500  ; 0.500        ; 0.000          ; High Pulse Width ; CLOCK_50 ; Rise       ; inst16|inst2|inst|inst|clk                            ;
; 0.500  ; 0.500        ; 0.000          ; Low Pulse Width  ; CLOCK_50 ; Rise       ; inst16|inst2|inst|inst|clk                            ;
; 0.500  ; 0.500        ; 0.000          ; High Pulse Width ; CLOCK_50 ; Rise       ; inst16|inst4|inst|inst|clk                            ;
; 0.500  ; 0.500        ; 0.000          ; Low Pulse Width  ; CLOCK_50 ; Rise       ; inst16|inst4|inst|inst|clk                            ;
; 0.500  ; 0.500        ; 0.000          ; High Pulse Width ; CLOCK_50 ; Rise       ; inst16|inst5|inst|inst|clk                            ;
; 0.500  ; 0.500        ; 0.000          ; Low Pulse Width  ; CLOCK_50 ; Rise       ; inst16|inst5|inst|inst|clk                            ;
; 0.500  ; 0.500        ; 0.000          ; High Pulse Width ; CLOCK_50 ; Rise       ; inst16|inst|inst|inst|clk                             ;
; 0.500  ; 0.500        ; 0.000          ; Low Pulse Width  ; CLOCK_50 ; Rise       ; inst16|inst|inst|inst|clk                             ;
; 0.500  ; 0.500        ; 0.000          ; High Pulse Width ; CLOCK_50 ; Rise       ; inst17|inst2|inst|inst|clk                            ;
; 0.500  ; 0.500        ; 0.000          ; Low Pulse Width  ; CLOCK_50 ; Rise       ; inst17|inst2|inst|inst|clk                            ;
; 0.500  ; 0.500        ; 0.000          ; High Pulse Width ; CLOCK_50 ; Rise       ; inst17|inst4|inst|inst|clk                            ;
; 0.500  ; 0.500        ; 0.000          ; Low Pulse Width  ; CLOCK_50 ; Rise       ; inst17|inst4|inst|inst|clk                            ;
; 0.500  ; 0.500        ; 0.000          ; High Pulse Width ; CLOCK_50 ; Rise       ; inst17|inst5|inst|inst|clk                            ;
; 0.500  ; 0.500        ; 0.000          ; Low Pulse Width  ; CLOCK_50 ; Rise       ; inst17|inst5|inst|inst|clk                            ;
; 0.500  ; 0.500        ; 0.000          ; High Pulse Width ; CLOCK_50 ; Rise       ; inst17|inst|inst|inst|clk                             ;
; 0.500  ; 0.500        ; 0.000          ; Low Pulse Width  ; CLOCK_50 ; Rise       ; inst17|inst|inst|inst|clk                             ;
; 0.500  ; 0.500        ; 0.000          ; High Pulse Width ; CLOCK_50 ; Rise       ; inst18|inst2|inst|inst|clk                            ;
; 0.500  ; 0.500        ; 0.000          ; Low Pulse Width  ; CLOCK_50 ; Rise       ; inst18|inst2|inst|inst|clk                            ;
; 0.500  ; 0.500        ; 0.000          ; High Pulse Width ; CLOCK_50 ; Rise       ; inst18|inst4|inst|inst|clk                            ;
; 0.500  ; 0.500        ; 0.000          ; Low Pulse Width  ; CLOCK_50 ; Rise       ; inst18|inst4|inst|inst|clk                            ;
; 0.500  ; 0.500        ; 0.000          ; High Pulse Width ; CLOCK_50 ; Rise       ; inst18|inst5|inst|inst|clk                            ;
; 0.500  ; 0.500        ; 0.000          ; Low Pulse Width  ; CLOCK_50 ; Rise       ; inst18|inst5|inst|inst|clk                            ;
; 0.500  ; 0.500        ; 0.000          ; High Pulse Width ; CLOCK_50 ; Rise       ; inst18|inst|inst|inst|clk                             ;
; 0.500  ; 0.500        ; 0.000          ; Low Pulse Width  ; CLOCK_50 ; Rise       ; inst18|inst|inst|inst|clk                             ;
; 0.500  ; 0.500        ; 0.000          ; High Pulse Width ; CLOCK_50 ; Rise       ; inst4|inst2|clk                                       ;
; 0.500  ; 0.500        ; 0.000          ; Low Pulse Width  ; CLOCK_50 ; Rise       ; inst4|inst2|clk                                       ;
; 0.500  ; 0.500        ; 0.000          ; High Pulse Width ; CLOCK_50 ; Rise       ; inst4|inst|clk                                        ;
; 0.500  ; 0.500        ; 0.000          ; Low Pulse Width  ; CLOCK_50 ; Rise       ; inst4|inst|clk                                        ;
; 0.500  ; 0.500        ; 0.000          ; High Pulse Width ; CLOCK_50 ; Rise       ; inst5|inst2|clk                                       ;
; 0.500  ; 0.500        ; 0.000          ; Low Pulse Width  ; CLOCK_50 ; Rise       ; inst5|inst2|clk                                       ;
; 0.500  ; 0.500        ; 0.000          ; High Pulse Width ; CLOCK_50 ; Rise       ; inst5|inst|clk                                        ;
; 0.500  ; 0.500        ; 0.000          ; Low Pulse Width  ; CLOCK_50 ; Rise       ; inst5|inst|clk                                        ;
; 0.500  ; 0.500        ; 0.000          ; High Pulse Width ; CLOCK_50 ; Rise       ; inst6|inst2|clk                                       ;
; 0.500  ; 0.500        ; 0.000          ; Low Pulse Width  ; CLOCK_50 ; Rise       ; inst6|inst2|clk                                       ;
; 0.500  ; 0.500        ; 0.000          ; High Pulse Width ; CLOCK_50 ; Rise       ; inst6|inst|clk                                        ;
; 0.500  ; 0.500        ; 0.000          ; Low Pulse Width  ; CLOCK_50 ; Rise       ; inst6|inst|clk                                        ;
+--------+--------------+----------------+------------------+----------+------------+-------------------------------------------------------+


+-----------------------------------------------------------------------+
; Setup Times                                                           ;
+-----------+------------+-------+-------+------------+-----------------+
; Data Port ; Clock Port ; Rise  ; Fall  ; Clock Edge ; Clock Reference ;
+-----------+------------+-------+-------+------------+-----------------+
; KEY[*]    ; CLOCK_50   ; 5.826 ; 5.826 ; Rise       ; CLOCK_50        ;
;  KEY[0]   ; CLOCK_50   ; 5.826 ; 5.826 ; Rise       ; CLOCK_50        ;
;  KEY[2]   ; CLOCK_50   ; 5.764 ; 5.764 ; Rise       ; CLOCK_50        ;
;  KEY[3]   ; CLOCK_50   ; 4.319 ; 4.319 ; Rise       ; CLOCK_50        ;
; SW[*]     ; CLOCK_50   ; 5.276 ; 5.276 ; Rise       ; CLOCK_50        ;
;  SW[0]    ; CLOCK_50   ; 0.223 ; 0.223 ; Rise       ; CLOCK_50        ;
;  SW[1]    ; CLOCK_50   ; 0.528 ; 0.528 ; Rise       ; CLOCK_50        ;
;  SW[2]    ; CLOCK_50   ; 0.505 ; 0.505 ; Rise       ; CLOCK_50        ;
;  SW[3]    ; CLOCK_50   ; 0.512 ; 0.512 ; Rise       ; CLOCK_50        ;
;  SW[4]    ; CLOCK_50   ; 0.815 ; 0.815 ; Rise       ; CLOCK_50        ;
;  SW[5]    ; CLOCK_50   ; 0.726 ; 0.726 ; Rise       ; CLOCK_50        ;
;  SW[6]    ; CLOCK_50   ; 0.708 ; 0.708 ; Rise       ; CLOCK_50        ;
;  SW[7]    ; CLOCK_50   ; 1.301 ; 1.301 ; Rise       ; CLOCK_50        ;
;  SW[8]    ; CLOCK_50   ; 1.482 ; 1.482 ; Rise       ; CLOCK_50        ;
;  SW[9]    ; CLOCK_50   ; 1.185 ; 1.185 ; Rise       ; CLOCK_50        ;
;  SW[10]   ; CLOCK_50   ; 0.967 ; 0.967 ; Rise       ; CLOCK_50        ;
;  SW[11]   ; CLOCK_50   ; 1.369 ; 1.369 ; Rise       ; CLOCK_50        ;
;  SW[12]   ; CLOCK_50   ; 1.492 ; 1.492 ; Rise       ; CLOCK_50        ;
;  SW[13]   ; CLOCK_50   ; 5.276 ; 5.276 ; Rise       ; CLOCK_50        ;
;  SW[14]   ; CLOCK_50   ; 5.125 ; 5.125 ; Rise       ; CLOCK_50        ;
;  SW[15]   ; CLOCK_50   ; 5.142 ; 5.142 ; Rise       ; CLOCK_50        ;
+-----------+------------+-------+-------+------------+-----------------+


+-------------------------------------------------------------------------+
; Hold Times                                                              ;
+-----------+------------+--------+--------+------------+-----------------+
; Data Port ; Clock Port ; Rise   ; Fall   ; Clock Edge ; Clock Reference ;
+-----------+------------+--------+--------+------------+-----------------+
; KEY[*]    ; CLOCK_50   ; -3.320 ; -3.320 ; Rise       ; CLOCK_50        ;
;  KEY[0]   ; CLOCK_50   ; -4.532 ; -4.532 ; Rise       ; CLOCK_50        ;
;  KEY[2]   ; CLOCK_50   ; -3.884 ; -3.884 ; Rise       ; CLOCK_50        ;
;  KEY[3]   ; CLOCK_50   ; -3.320 ; -3.320 ; Rise       ; CLOCK_50        ;
; SW[*]     ; CLOCK_50   ; 0.007  ; 0.007  ; Rise       ; CLOCK_50        ;
;  SW[0]    ; CLOCK_50   ; 0.007  ; 0.007  ; Rise       ; CLOCK_50        ;
;  SW[1]    ; CLOCK_50   ; -0.298 ; -0.298 ; Rise       ; CLOCK_50        ;
;  SW[2]    ; CLOCK_50   ; -0.275 ; -0.275 ; Rise       ; CLOCK_50        ;
;  SW[3]    ; CLOCK_50   ; -0.282 ; -0.282 ; Rise       ; CLOCK_50        ;
;  SW[4]    ; CLOCK_50   ; -0.585 ; -0.585 ; Rise       ; CLOCK_50        ;
;  SW[5]    ; CLOCK_50   ; -0.496 ; -0.496 ; Rise       ; CLOCK_50        ;
;  SW[6]    ; CLOCK_50   ; -0.478 ; -0.478 ; Rise       ; CLOCK_50        ;
;  SW[7]    ; CLOCK_50   ; -1.071 ; -1.071 ; Rise       ; CLOCK_50        ;
;  SW[8]    ; CLOCK_50   ; -1.252 ; -1.252 ; Rise       ; CLOCK_50        ;
;  SW[9]    ; CLOCK_50   ; -0.955 ; -0.955 ; Rise       ; CLOCK_50        ;
;  SW[10]   ; CLOCK_50   ; -0.737 ; -0.737 ; Rise       ; CLOCK_50        ;
;  SW[11]   ; CLOCK_50   ; -1.139 ; -1.139 ; Rise       ; CLOCK_50        ;
;  SW[12]   ; CLOCK_50   ; -1.262 ; -1.262 ; Rise       ; CLOCK_50        ;
;  SW[13]   ; CLOCK_50   ; -5.046 ; -5.046 ; Rise       ; CLOCK_50        ;
;  SW[14]   ; CLOCK_50   ; -4.895 ; -4.895 ; Rise       ; CLOCK_50        ;
;  SW[15]   ; CLOCK_50   ; -4.912 ; -4.912 ; Rise       ; CLOCK_50        ;
+-----------+------------+--------+--------+------------+-----------------+


+-----------------------------------------------------------------------+
; Clock to Output Times                                                 ;
+-----------+------------+-------+-------+------------+-----------------+
; Data Port ; Clock Port ; Rise  ; Fall  ; Clock Edge ; Clock Reference ;
+-----------+------------+-------+-------+------------+-----------------+
; HEX0[*]   ; CLOCK_50   ; 9.516 ; 9.516 ; Rise       ; CLOCK_50        ;
;  HEX0[0]  ; CLOCK_50   ; 9.516 ; 9.516 ; Rise       ; CLOCK_50        ;
;  HEX0[1]  ; CLOCK_50   ; 9.492 ; 9.492 ; Rise       ; CLOCK_50        ;
;  HEX0[2]  ; CLOCK_50   ; 9.484 ; 9.484 ; Rise       ; CLOCK_50        ;
;  HEX0[3]  ; CLOCK_50   ; 9.235 ; 9.235 ; Rise       ; CLOCK_50        ;
;  HEX0[4]  ; CLOCK_50   ; 9.293 ; 9.293 ; Rise       ; CLOCK_50        ;
;  HEX0[5]  ; CLOCK_50   ; 9.276 ; 9.276 ; Rise       ; CLOCK_50        ;
;  HEX0[6]  ; CLOCK_50   ; 9.250 ; 9.250 ; Rise       ; CLOCK_50        ;
; HEX1[*]   ; CLOCK_50   ; 7.440 ; 7.440 ; Rise       ; CLOCK_50        ;
;  HEX1[0]  ; CLOCK_50   ; 7.440 ; 7.440 ; Rise       ; CLOCK_50        ;
;  HEX1[1]  ; CLOCK_50   ; 7.435 ; 7.435 ; Rise       ; CLOCK_50        ;
;  HEX1[2]  ; CLOCK_50   ; 7.309 ; 7.309 ; Rise       ; CLOCK_50        ;
;  HEX1[3]  ; CLOCK_50   ; 7.250 ; 7.250 ; Rise       ; CLOCK_50        ;
;  HEX1[4]  ; CLOCK_50   ; 7.282 ; 7.282 ; Rise       ; CLOCK_50        ;
;  HEX1[5]  ; CLOCK_50   ; 7.262 ; 7.262 ; Rise       ; CLOCK_50        ;
;  HEX1[6]  ; CLOCK_50   ; 7.154 ; 7.154 ; Rise       ; CLOCK_50        ;
; HEX2[*]   ; CLOCK_50   ; 7.507 ; 7.507 ; Rise       ; CLOCK_50        ;
;  HEX2[0]  ; CLOCK_50   ; 7.207 ; 7.207 ; Rise       ; CLOCK_50        ;
;  HEX2[1]  ; CLOCK_50   ; 7.374 ; 7.374 ; Rise       ; CLOCK_50        ;
;  HEX2[2]  ; CLOCK_50   ; 7.445 ; 7.445 ; Rise       ; CLOCK_50        ;
;  HEX2[3]  ; CLOCK_50   ; 7.426 ; 7.426 ; Rise       ; CLOCK_50        ;
;  HEX2[4]  ; CLOCK_50   ; 7.507 ; 7.507 ; Rise       ; CLOCK_50        ;
;  HEX2[5]  ; CLOCK_50   ; 7.188 ; 7.188 ; Rise       ; CLOCK_50        ;
;  HEX2[6]  ; CLOCK_50   ; 7.507 ; 7.507 ; Rise       ; CLOCK_50        ;
; HEX3[*]   ; CLOCK_50   ; 7.595 ; 7.595 ; Rise       ; CLOCK_50        ;
;  HEX3[0]  ; CLOCK_50   ; 7.556 ; 7.556 ; Rise       ; CLOCK_50        ;
;  HEX3[1]  ; CLOCK_50   ; 7.300 ; 7.300 ; Rise       ; CLOCK_50        ;
;  HEX3[2]  ; CLOCK_50   ; 7.343 ; 7.343 ; Rise       ; CLOCK_50        ;
;  HEX3[3]  ; CLOCK_50   ; 7.299 ; 7.299 ; Rise       ; CLOCK_50        ;
;  HEX3[4]  ; CLOCK_50   ; 7.342 ; 7.342 ; Rise       ; CLOCK_50        ;
;  HEX3[5]  ; CLOCK_50   ; 7.550 ; 7.550 ; Rise       ; CLOCK_50        ;
;  HEX3[6]  ; CLOCK_50   ; 7.595 ; 7.595 ; Rise       ; CLOCK_50        ;
+-----------+------------+-------+-------+------------+-----------------+


+-----------------------------------------------------------------------+
; Minimum Clock to Output Times                                         ;
+-----------+------------+-------+-------+------------+-----------------+
; Data Port ; Clock Port ; Rise  ; Fall  ; Clock Edge ; Clock Reference ;
+-----------+------------+-------+-------+------------+-----------------+
; HEX0[*]   ; CLOCK_50   ; 8.814 ; 8.814 ; Rise       ; CLOCK_50        ;
;  HEX0[0]  ; CLOCK_50   ; 9.077 ; 9.077 ; Rise       ; CLOCK_50        ;
;  HEX0[1]  ; CLOCK_50   ; 9.055 ; 9.055 ; Rise       ; CLOCK_50        ;
;  HEX0[2]  ; CLOCK_50   ; 9.044 ; 9.044 ; Rise       ; CLOCK_50        ;
;  HEX0[3]  ; CLOCK_50   ; 8.825 ; 8.825 ; Rise       ; CLOCK_50        ;
;  HEX0[4]  ; CLOCK_50   ; 8.851 ; 8.851 ; Rise       ; CLOCK_50        ;
;  HEX0[5]  ; CLOCK_50   ; 8.835 ; 8.835 ; Rise       ; CLOCK_50        ;
;  HEX0[6]  ; CLOCK_50   ; 8.814 ; 8.814 ; Rise       ; CLOCK_50        ;
; HEX1[*]   ; CLOCK_50   ; 6.908 ; 6.908 ; Rise       ; CLOCK_50        ;
;  HEX1[0]  ; CLOCK_50   ; 7.182 ; 7.182 ; Rise       ; CLOCK_50        ;
;  HEX1[1]  ; CLOCK_50   ; 7.171 ; 7.171 ; Rise       ; CLOCK_50        ;
;  HEX1[2]  ; CLOCK_50   ; 7.041 ; 7.041 ; Rise       ; CLOCK_50        ;
;  HEX1[3]  ; CLOCK_50   ; 6.993 ; 6.993 ; Rise       ; CLOCK_50        ;
;  HEX1[4]  ; CLOCK_50   ; 7.007 ; 7.007 ; Rise       ; CLOCK_50        ;
;  HEX1[5]  ; CLOCK_50   ; 7.001 ; 7.001 ; Rise       ; CLOCK_50        ;
;  HEX1[6]  ; CLOCK_50   ; 6.908 ; 6.908 ; Rise       ; CLOCK_50        ;
; HEX2[*]   ; CLOCK_50   ; 6.833 ; 6.833 ; Rise       ; CLOCK_50        ;
;  HEX2[0]  ; CLOCK_50   ; 6.865 ; 6.865 ; Rise       ; CLOCK_50        ;
;  HEX2[1]  ; CLOCK_50   ; 7.073 ; 7.073 ; Rise       ; CLOCK_50        ;
;  HEX2[2]  ; CLOCK_50   ; 7.142 ; 7.142 ; Rise       ; CLOCK_50        ;
;  HEX2[3]  ; CLOCK_50   ; 7.124 ; 7.124 ; Rise       ; CLOCK_50        ;
;  HEX2[4]  ; CLOCK_50   ; 7.151 ; 7.151 ; Rise       ; CLOCK_50        ;
;  HEX2[5]  ; CLOCK_50   ; 6.833 ; 6.833 ; Rise       ; CLOCK_50        ;
;  HEX2[6]  ; CLOCK_50   ; 7.135 ; 7.135 ; Rise       ; CLOCK_50        ;
; HEX3[*]   ; CLOCK_50   ; 6.992 ; 6.992 ; Rise       ; CLOCK_50        ;
;  HEX3[0]  ; CLOCK_50   ; 7.254 ; 7.254 ; Rise       ; CLOCK_50        ;
;  HEX3[1]  ; CLOCK_50   ; 6.997 ; 6.997 ; Rise       ; CLOCK_50        ;
;  HEX3[2]  ; CLOCK_50   ; 7.027 ; 7.027 ; Rise       ; CLOCK_50        ;
;  HEX3[3]  ; CLOCK_50   ; 6.992 ; 6.992 ; Rise       ; CLOCK_50        ;
;  HEX3[4]  ; CLOCK_50   ; 7.034 ; 7.034 ; Rise       ; CLOCK_50        ;
;  HEX3[5]  ; CLOCK_50   ; 7.237 ; 7.237 ; Rise       ; CLOCK_50        ;
;  HEX3[6]  ; CLOCK_50   ; 7.293 ; 7.293 ; Rise       ; CLOCK_50        ;
+-----------+------------+-------+-------+------------+-----------------+


+-----------------------------------+
; Fast Model Setup Summary          ;
+----------+--------+---------------+
; Clock    ; Slack  ; End Point TNS ;
+----------+--------+---------------+
; CLOCK_50 ; -0.177 ; -2.070        ;
+----------+--------+---------------+


+----------------------------------+
; Fast Model Hold Summary          ;
+----------+-------+---------------+
; Clock    ; Slack ; End Point TNS ;
+----------+-------+---------------+
; CLOCK_50 ; 0.313 ; 0.000         ;
+----------+-------+---------------+


-------------------------------
; Fast Model Recovery Summary ;
-------------------------------
No paths to report.


------------------------------
; Fast Model Removal Summary ;
------------------------------
No paths to report.


+----------------------------------------+
; Fast Model Minimum Pulse Width Summary ;
+----------+--------+--------------------+
; Clock    ; Slack  ; End Point TNS      ;
+----------+--------+--------------------+
; CLOCK_50 ; -1.380 ; -23.380            ;
+----------+--------+--------------------+


+----------------------------------------------------------------------------------------------------------------------------------------------------------------------------------------------+
; Fast Model Setup: 'CLOCK_50'                                                                                                                                                                 ;
+--------+-------------------------------------------------------+-------------------------------------------------------+--------------+-------------+--------------+------------+------------+
; Slack  ; From Node                                             ; To Node                                               ; Launch Clock ; Latch Clock ; Relationship ; Clock Skew ; Data Delay ;
+--------+-------------------------------------------------------+-------------------------------------------------------+--------------+-------------+--------------+------------+------------+
; -0.177 ; edge_det:inst6|inst2                                  ; shift_reg:inst18|shift_cell:inst4|dff_enrst:inst|inst ; CLOCK_50     ; CLOCK_50    ; 1.000        ; 0.000      ; 1.209      ;
; -0.177 ; edge_det:inst6|inst2                                  ; shift_reg:inst18|shift_cell:inst2|dff_enrst:inst|inst ; CLOCK_50     ; CLOCK_50    ; 1.000        ; 0.000      ; 1.209      ;
; -0.177 ; edge_det:inst6|inst2                                  ; shift_reg:inst18|shift_cell:inst|dff_enrst:inst|inst  ; CLOCK_50     ; CLOCK_50    ; 1.000        ; 0.000      ; 1.209      ;
; -0.177 ; edge_det:inst6|inst2                                  ; shift_reg:inst16|shift_cell:inst4|dff_enrst:inst|inst ; CLOCK_50     ; CLOCK_50    ; 1.000        ; 0.000      ; 1.209      ;
; -0.177 ; edge_det:inst6|inst2                                  ; shift_reg:inst16|shift_cell:inst2|dff_enrst:inst|inst ; CLOCK_50     ; CLOCK_50    ; 1.000        ; 0.000      ; 1.209      ;
; -0.150 ; edge_det:inst6|inst                                   ; shift_reg:inst18|shift_cell:inst4|dff_enrst:inst|inst ; CLOCK_50     ; CLOCK_50    ; 1.000        ; 0.000      ; 1.182      ;
; -0.150 ; edge_det:inst6|inst                                   ; shift_reg:inst18|shift_cell:inst2|dff_enrst:inst|inst ; CLOCK_50     ; CLOCK_50    ; 1.000        ; 0.000      ; 1.182      ;
; -0.150 ; edge_det:inst6|inst                                   ; shift_reg:inst18|shift_cell:inst|dff_enrst:inst|inst  ; CLOCK_50     ; CLOCK_50    ; 1.000        ; 0.000      ; 1.182      ;
; -0.150 ; edge_det:inst6|inst                                   ; shift_reg:inst16|shift_cell:inst4|dff_enrst:inst|inst ; CLOCK_50     ; CLOCK_50    ; 1.000        ; 0.000      ; 1.182      ;
; -0.150 ; edge_det:inst6|inst                                   ; shift_reg:inst16|shift_cell:inst2|dff_enrst:inst|inst ; CLOCK_50     ; CLOCK_50    ; 1.000        ; 0.000      ; 1.182      ;
; -0.103 ; edge_det:inst6|inst2                                  ; shift_reg:inst18|shift_cell:inst5|dff_enrst:inst|inst ; CLOCK_50     ; CLOCK_50    ; 1.000        ; 0.000      ; 1.135      ;
; -0.103 ; edge_det:inst6|inst2                                  ; shift_reg:inst17|shift_cell:inst5|dff_enrst:inst|inst ; CLOCK_50     ; CLOCK_50    ; 1.000        ; 0.000      ; 1.135      ;
; -0.103 ; edge_det:inst6|inst2                                  ; shift_reg:inst17|shift_cell:inst4|dff_enrst:inst|inst ; CLOCK_50     ; CLOCK_50    ; 1.000        ; 0.000      ; 1.135      ;
; -0.103 ; edge_det:inst6|inst2                                  ; shift_reg:inst17|shift_cell:inst2|dff_enrst:inst|inst ; CLOCK_50     ; CLOCK_50    ; 1.000        ; 0.000      ; 1.135      ;
; -0.103 ; edge_det:inst6|inst2                                  ; shift_reg:inst17|shift_cell:inst|dff_enrst:inst|inst  ; CLOCK_50     ; CLOCK_50    ; 1.000        ; 0.000      ; 1.135      ;
; -0.103 ; edge_det:inst6|inst2                                  ; shift_reg:inst16|shift_cell:inst5|dff_enrst:inst|inst ; CLOCK_50     ; CLOCK_50    ; 1.000        ; 0.000      ; 1.135      ;
; -0.103 ; edge_det:inst6|inst2                                  ; shift_reg:inst16|shift_cell:inst|dff_enrst:inst|inst  ; CLOCK_50     ; CLOCK_50    ; 1.000        ; 0.000      ; 1.135      ;
; -0.103 ; edge_det:inst6|inst2                                  ; shift_reg:inst15|shift_cell:inst5|dff_enrst:inst|inst ; CLOCK_50     ; CLOCK_50    ; 1.000        ; 0.000      ; 1.135      ;
; -0.103 ; edge_det:inst6|inst2                                  ; shift_reg:inst15|shift_cell:inst4|dff_enrst:inst|inst ; CLOCK_50     ; CLOCK_50    ; 1.000        ; 0.000      ; 1.135      ;
; -0.103 ; edge_det:inst6|inst2                                  ; shift_reg:inst15|shift_cell:inst2|dff_enrst:inst|inst ; CLOCK_50     ; CLOCK_50    ; 1.000        ; 0.000      ; 1.135      ;
; -0.103 ; edge_det:inst6|inst2                                  ; shift_reg:inst15|shift_cell:inst|dff_enrst:inst|inst  ; CLOCK_50     ; CLOCK_50    ; 1.000        ; 0.000      ; 1.135      ;
; -0.097 ; edge_det:inst5|inst                                   ; shift_reg:inst18|shift_cell:inst4|dff_enrst:inst|inst ; CLOCK_50     ; CLOCK_50    ; 1.000        ; 0.000      ; 1.129      ;
; -0.097 ; edge_det:inst5|inst                                   ; shift_reg:inst18|shift_cell:inst2|dff_enrst:inst|inst ; CLOCK_50     ; CLOCK_50    ; 1.000        ; 0.000      ; 1.129      ;
; -0.097 ; edge_det:inst5|inst                                   ; shift_reg:inst18|shift_cell:inst|dff_enrst:inst|inst  ; CLOCK_50     ; CLOCK_50    ; 1.000        ; 0.000      ; 1.129      ;
; -0.097 ; edge_det:inst5|inst                                   ; shift_reg:inst16|shift_cell:inst4|dff_enrst:inst|inst ; CLOCK_50     ; CLOCK_50    ; 1.000        ; 0.000      ; 1.129      ;
; -0.097 ; edge_det:inst5|inst                                   ; shift_reg:inst16|shift_cell:inst2|dff_enrst:inst|inst ; CLOCK_50     ; CLOCK_50    ; 1.000        ; 0.000      ; 1.129      ;
; -0.091 ; edge_det:inst5|inst2                                  ; shift_reg:inst17|shift_cell:inst5|dff_enrst:inst|inst ; CLOCK_50     ; CLOCK_50    ; 1.000        ; 0.000      ; 1.123      ;
; -0.076 ; edge_det:inst6|inst                                   ; shift_reg:inst18|shift_cell:inst5|dff_enrst:inst|inst ; CLOCK_50     ; CLOCK_50    ; 1.000        ; 0.000      ; 1.108      ;
; -0.076 ; edge_det:inst6|inst                                   ; shift_reg:inst17|shift_cell:inst5|dff_enrst:inst|inst ; CLOCK_50     ; CLOCK_50    ; 1.000        ; 0.000      ; 1.108      ;
; -0.076 ; edge_det:inst6|inst                                   ; shift_reg:inst17|shift_cell:inst4|dff_enrst:inst|inst ; CLOCK_50     ; CLOCK_50    ; 1.000        ; 0.000      ; 1.108      ;
; -0.076 ; edge_det:inst6|inst                                   ; shift_reg:inst17|shift_cell:inst2|dff_enrst:inst|inst ; CLOCK_50     ; CLOCK_50    ; 1.000        ; 0.000      ; 1.108      ;
; -0.076 ; edge_det:inst6|inst                                   ; shift_reg:inst17|shift_cell:inst|dff_enrst:inst|inst  ; CLOCK_50     ; CLOCK_50    ; 1.000        ; 0.000      ; 1.108      ;
; -0.076 ; edge_det:inst6|inst                                   ; shift_reg:inst16|shift_cell:inst5|dff_enrst:inst|inst ; CLOCK_50     ; CLOCK_50    ; 1.000        ; 0.000      ; 1.108      ;
; -0.076 ; edge_det:inst6|inst                                   ; shift_reg:inst16|shift_cell:inst|dff_enrst:inst|inst  ; CLOCK_50     ; CLOCK_50    ; 1.000        ; 0.000      ; 1.108      ;
; -0.076 ; edge_det:inst6|inst                                   ; shift_reg:inst15|shift_cell:inst5|dff_enrst:inst|inst ; CLOCK_50     ; CLOCK_50    ; 1.000        ; 0.000      ; 1.108      ;
; -0.076 ; edge_det:inst6|inst                                   ; shift_reg:inst15|shift_cell:inst4|dff_enrst:inst|inst ; CLOCK_50     ; CLOCK_50    ; 1.000        ; 0.000      ; 1.108      ;
; -0.076 ; edge_det:inst6|inst                                   ; shift_reg:inst15|shift_cell:inst2|dff_enrst:inst|inst ; CLOCK_50     ; CLOCK_50    ; 1.000        ; 0.000      ; 1.108      ;
; -0.076 ; edge_det:inst6|inst                                   ; shift_reg:inst15|shift_cell:inst|dff_enrst:inst|inst  ; CLOCK_50     ; CLOCK_50    ; 1.000        ; 0.000      ; 1.108      ;
; -0.052 ; edge_det:inst5|inst                                   ; edge_det:inst5|inst2                                  ; CLOCK_50     ; CLOCK_50    ; 1.000        ; 0.000      ; 1.084      ;
; -0.049 ; edge_det:inst4|inst2                                  ; shift_reg:inst18|shift_cell:inst4|dff_enrst:inst|inst ; CLOCK_50     ; CLOCK_50    ; 1.000        ; 0.000      ; 1.081      ;
; -0.049 ; edge_det:inst4|inst2                                  ; shift_reg:inst18|shift_cell:inst2|dff_enrst:inst|inst ; CLOCK_50     ; CLOCK_50    ; 1.000        ; 0.000      ; 1.081      ;
; -0.049 ; edge_det:inst4|inst2                                  ; shift_reg:inst18|shift_cell:inst|dff_enrst:inst|inst  ; CLOCK_50     ; CLOCK_50    ; 1.000        ; 0.000      ; 1.081      ;
; -0.049 ; edge_det:inst4|inst2                                  ; shift_reg:inst16|shift_cell:inst4|dff_enrst:inst|inst ; CLOCK_50     ; CLOCK_50    ; 1.000        ; 0.000      ; 1.081      ;
; -0.049 ; edge_det:inst4|inst2                                  ; shift_reg:inst16|shift_cell:inst2|dff_enrst:inst|inst ; CLOCK_50     ; CLOCK_50    ; 1.000        ; 0.000      ; 1.081      ;
; -0.023 ; edge_det:inst5|inst                                   ; shift_reg:inst18|shift_cell:inst5|dff_enrst:inst|inst ; CLOCK_50     ; CLOCK_50    ; 1.000        ; 0.000      ; 1.055      ;
; -0.023 ; edge_det:inst5|inst                                   ; shift_reg:inst17|shift_cell:inst5|dff_enrst:inst|inst ; CLOCK_50     ; CLOCK_50    ; 1.000        ; 0.000      ; 1.055      ;
; -0.023 ; edge_det:inst5|inst                                   ; shift_reg:inst17|shift_cell:inst4|dff_enrst:inst|inst ; CLOCK_50     ; CLOCK_50    ; 1.000        ; 0.000      ; 1.055      ;
; -0.023 ; edge_det:inst5|inst                                   ; shift_reg:inst17|shift_cell:inst2|dff_enrst:inst|inst ; CLOCK_50     ; CLOCK_50    ; 1.000        ; 0.000      ; 1.055      ;
; -0.023 ; edge_det:inst5|inst                                   ; shift_reg:inst17|shift_cell:inst|dff_enrst:inst|inst  ; CLOCK_50     ; CLOCK_50    ; 1.000        ; 0.000      ; 1.055      ;
; -0.023 ; edge_det:inst5|inst                                   ; shift_reg:inst16|shift_cell:inst5|dff_enrst:inst|inst ; CLOCK_50     ; CLOCK_50    ; 1.000        ; 0.000      ; 1.055      ;
; -0.023 ; edge_det:inst5|inst                                   ; shift_reg:inst16|shift_cell:inst|dff_enrst:inst|inst  ; CLOCK_50     ; CLOCK_50    ; 1.000        ; 0.000      ; 1.055      ;
; -0.023 ; edge_det:inst5|inst                                   ; shift_reg:inst15|shift_cell:inst5|dff_enrst:inst|inst ; CLOCK_50     ; CLOCK_50    ; 1.000        ; 0.000      ; 1.055      ;
; -0.023 ; edge_det:inst5|inst                                   ; shift_reg:inst15|shift_cell:inst4|dff_enrst:inst|inst ; CLOCK_50     ; CLOCK_50    ; 1.000        ; 0.000      ; 1.055      ;
; -0.023 ; edge_det:inst5|inst                                   ; shift_reg:inst15|shift_cell:inst2|dff_enrst:inst|inst ; CLOCK_50     ; CLOCK_50    ; 1.000        ; 0.000      ; 1.055      ;
; -0.023 ; edge_det:inst5|inst                                   ; shift_reg:inst15|shift_cell:inst|dff_enrst:inst|inst  ; CLOCK_50     ; CLOCK_50    ; 1.000        ; 0.000      ; 1.055      ;
; -0.021 ; edge_det:inst5|inst2                                  ; shift_reg:inst18|shift_cell:inst5|dff_enrst:inst|inst ; CLOCK_50     ; CLOCK_50    ; 1.000        ; 0.000      ; 1.053      ;
; -0.018 ; edge_det:inst5|inst2                                  ; shift_reg:inst15|shift_cell:inst5|dff_enrst:inst|inst ; CLOCK_50     ; CLOCK_50    ; 1.000        ; 0.000      ; 1.050      ;
; -0.017 ; edge_det:inst5|inst2                                  ; shift_reg:inst16|shift_cell:inst5|dff_enrst:inst|inst ; CLOCK_50     ; CLOCK_50    ; 1.000        ; 0.000      ; 1.049      ;
; -0.006 ; edge_det:inst4|inst                                   ; shift_reg:inst18|shift_cell:inst4|dff_enrst:inst|inst ; CLOCK_50     ; CLOCK_50    ; 1.000        ; 0.000      ; 1.038      ;
; -0.006 ; edge_det:inst4|inst                                   ; shift_reg:inst18|shift_cell:inst2|dff_enrst:inst|inst ; CLOCK_50     ; CLOCK_50    ; 1.000        ; 0.000      ; 1.038      ;
; -0.006 ; edge_det:inst4|inst                                   ; shift_reg:inst18|shift_cell:inst|dff_enrst:inst|inst  ; CLOCK_50     ; CLOCK_50    ; 1.000        ; 0.000      ; 1.038      ;
; -0.006 ; edge_det:inst4|inst                                   ; shift_reg:inst16|shift_cell:inst4|dff_enrst:inst|inst ; CLOCK_50     ; CLOCK_50    ; 1.000        ; 0.000      ; 1.038      ;
; -0.006 ; edge_det:inst4|inst                                   ; shift_reg:inst16|shift_cell:inst2|dff_enrst:inst|inst ; CLOCK_50     ; CLOCK_50    ; 1.000        ; 0.000      ; 1.038      ;
; 0.025  ; edge_det:inst4|inst2                                  ; shift_reg:inst18|shift_cell:inst5|dff_enrst:inst|inst ; CLOCK_50     ; CLOCK_50    ; 1.000        ; 0.000      ; 1.007      ;
; 0.025  ; edge_det:inst4|inst2                                  ; shift_reg:inst17|shift_cell:inst5|dff_enrst:inst|inst ; CLOCK_50     ; CLOCK_50    ; 1.000        ; 0.000      ; 1.007      ;
; 0.025  ; edge_det:inst4|inst2                                  ; shift_reg:inst17|shift_cell:inst4|dff_enrst:inst|inst ; CLOCK_50     ; CLOCK_50    ; 1.000        ; 0.000      ; 1.007      ;
; 0.025  ; edge_det:inst4|inst2                                  ; shift_reg:inst17|shift_cell:inst2|dff_enrst:inst|inst ; CLOCK_50     ; CLOCK_50    ; 1.000        ; 0.000      ; 1.007      ;
; 0.025  ; edge_det:inst4|inst2                                  ; shift_reg:inst17|shift_cell:inst|dff_enrst:inst|inst  ; CLOCK_50     ; CLOCK_50    ; 1.000        ; 0.000      ; 1.007      ;
; 0.025  ; edge_det:inst4|inst2                                  ; shift_reg:inst16|shift_cell:inst5|dff_enrst:inst|inst ; CLOCK_50     ; CLOCK_50    ; 1.000        ; 0.000      ; 1.007      ;
; 0.025  ; edge_det:inst4|inst2                                  ; shift_reg:inst16|shift_cell:inst|dff_enrst:inst|inst  ; CLOCK_50     ; CLOCK_50    ; 1.000        ; 0.000      ; 1.007      ;
; 0.025  ; edge_det:inst4|inst2                                  ; shift_reg:inst15|shift_cell:inst5|dff_enrst:inst|inst ; CLOCK_50     ; CLOCK_50    ; 1.000        ; 0.000      ; 1.007      ;
; 0.025  ; edge_det:inst4|inst2                                  ; shift_reg:inst15|shift_cell:inst4|dff_enrst:inst|inst ; CLOCK_50     ; CLOCK_50    ; 1.000        ; 0.000      ; 1.007      ;
; 0.025  ; edge_det:inst4|inst2                                  ; shift_reg:inst15|shift_cell:inst2|dff_enrst:inst|inst ; CLOCK_50     ; CLOCK_50    ; 1.000        ; 0.000      ; 1.007      ;
; 0.025  ; edge_det:inst4|inst2                                  ; shift_reg:inst15|shift_cell:inst|dff_enrst:inst|inst  ; CLOCK_50     ; CLOCK_50    ; 1.000        ; 0.000      ; 1.007      ;
; 0.027  ; edge_det:inst6|inst                                   ; edge_det:inst6|inst2                                  ; CLOCK_50     ; CLOCK_50    ; 1.000        ; 0.000      ; 1.005      ;
; 0.032  ; shift_reg:inst15|shift_cell:inst4|dff_enrst:inst|inst ; shift_reg:inst15|shift_cell:inst5|dff_enrst:inst|inst ; CLOCK_50     ; CLOCK_50    ; 1.000        ; 0.000      ; 1.000      ;
; 0.047  ; shift_reg:inst15|shift_cell:inst2|dff_enrst:inst|inst ; shift_reg:inst15|shift_cell:inst5|dff_enrst:inst|inst ; CLOCK_50     ; CLOCK_50    ; 1.000        ; 0.000      ; 0.985      ;
; 0.064  ; shift_reg:inst17|shift_cell:inst2|dff_enrst:inst|inst ; shift_reg:inst17|shift_cell:inst5|dff_enrst:inst|inst ; CLOCK_50     ; CLOCK_50    ; 1.000        ; 0.000      ; 0.968      ;
; 0.068  ; edge_det:inst4|inst                                   ; shift_reg:inst18|shift_cell:inst5|dff_enrst:inst|inst ; CLOCK_50     ; CLOCK_50    ; 1.000        ; 0.000      ; 0.964      ;
; 0.068  ; edge_det:inst4|inst                                   ; shift_reg:inst17|shift_cell:inst5|dff_enrst:inst|inst ; CLOCK_50     ; CLOCK_50    ; 1.000        ; 0.000      ; 0.964      ;
; 0.068  ; edge_det:inst4|inst                                   ; shift_reg:inst17|shift_cell:inst4|dff_enrst:inst|inst ; CLOCK_50     ; CLOCK_50    ; 1.000        ; 0.000      ; 0.964      ;
; 0.068  ; edge_det:inst4|inst                                   ; shift_reg:inst17|shift_cell:inst2|dff_enrst:inst|inst ; CLOCK_50     ; CLOCK_50    ; 1.000        ; 0.000      ; 0.964      ;
; 0.068  ; edge_det:inst4|inst                                   ; shift_reg:inst17|shift_cell:inst|dff_enrst:inst|inst  ; CLOCK_50     ; CLOCK_50    ; 1.000        ; 0.000      ; 0.964      ;
; 0.068  ; edge_det:inst4|inst                                   ; shift_reg:inst16|shift_cell:inst5|dff_enrst:inst|inst ; CLOCK_50     ; CLOCK_50    ; 1.000        ; 0.000      ; 0.964      ;
; 0.068  ; edge_det:inst4|inst                                   ; shift_reg:inst16|shift_cell:inst|dff_enrst:inst|inst  ; CLOCK_50     ; CLOCK_50    ; 1.000        ; 0.000      ; 0.964      ;
; 0.068  ; edge_det:inst4|inst                                   ; shift_reg:inst15|shift_cell:inst5|dff_enrst:inst|inst ; CLOCK_50     ; CLOCK_50    ; 1.000        ; 0.000      ; 0.964      ;
; 0.068  ; edge_det:inst4|inst                                   ; shift_reg:inst15|shift_cell:inst4|dff_enrst:inst|inst ; CLOCK_50     ; CLOCK_50    ; 1.000        ; 0.000      ; 0.964      ;
; 0.068  ; edge_det:inst4|inst                                   ; shift_reg:inst15|shift_cell:inst2|dff_enrst:inst|inst ; CLOCK_50     ; CLOCK_50    ; 1.000        ; 0.000      ; 0.964      ;
; 0.068  ; edge_det:inst4|inst                                   ; shift_reg:inst15|shift_cell:inst|dff_enrst:inst|inst  ; CLOCK_50     ; CLOCK_50    ; 1.000        ; 0.000      ; 0.964      ;
; 0.087  ; shift_reg:inst16|shift_cell:inst5|dff_enrst:inst|inst ; shift_reg:inst16|shift_cell:inst5|dff_enrst:inst|inst ; CLOCK_50     ; CLOCK_50    ; 1.000        ; 0.000      ; 0.945      ;
; 0.102  ; shift_reg:inst15|shift_cell:inst4|dff_enrst:inst|inst ; shift_reg:inst15|shift_cell:inst2|dff_enrst:inst|inst ; CLOCK_50     ; CLOCK_50    ; 1.000        ; 0.000      ; 0.930      ;
; 0.120  ; shift_reg:inst16|shift_cell:inst4|dff_enrst:inst|inst ; shift_reg:inst16|shift_cell:inst5|dff_enrst:inst|inst ; CLOCK_50     ; CLOCK_50    ; 1.000        ; 0.000      ; 0.912      ;
; 0.132  ; shift_reg:inst15|shift_cell:inst5|dff_enrst:inst|inst ; shift_reg:inst15|shift_cell:inst5|dff_enrst:inst|inst ; CLOCK_50     ; CLOCK_50    ; 1.000        ; 0.000      ; 0.900      ;
; 0.137  ; shift_reg:inst18|shift_cell:inst4|dff_enrst:inst|inst ; shift_reg:inst18|shift_cell:inst5|dff_enrst:inst|inst ; CLOCK_50     ; CLOCK_50    ; 1.000        ; 0.000      ; 0.895      ;
; 0.141  ; edge_det:inst5|inst2                                  ; shift_reg:inst16|shift_cell:inst2|dff_enrst:inst|inst ; CLOCK_50     ; CLOCK_50    ; 1.000        ; 0.000      ; 0.891      ;
; 0.142  ; shift_reg:inst17|shift_cell:inst4|dff_enrst:inst|inst ; shift_reg:inst17|shift_cell:inst2|dff_enrst:inst|inst ; CLOCK_50     ; CLOCK_50    ; 1.000        ; 0.000      ; 0.890      ;
; 0.155  ; shift_reg:inst17|shift_cell:inst4|dff_enrst:inst|inst ; shift_reg:inst17|shift_cell:inst5|dff_enrst:inst|inst ; CLOCK_50     ; CLOCK_50    ; 1.000        ; 0.000      ; 0.877      ;
; 0.159  ; edge_det:inst5|inst2                                  ; shift_reg:inst18|shift_cell:inst4|dff_enrst:inst|inst ; CLOCK_50     ; CLOCK_50    ; 1.000        ; 0.000      ; 0.873      ;
; 0.159  ; edge_det:inst5|inst2                                  ; shift_reg:inst18|shift_cell:inst2|dff_enrst:inst|inst ; CLOCK_50     ; CLOCK_50    ; 1.000        ; 0.000      ; 0.873      ;
; 0.159  ; edge_det:inst5|inst2                                  ; shift_reg:inst18|shift_cell:inst|dff_enrst:inst|inst  ; CLOCK_50     ; CLOCK_50    ; 1.000        ; 0.000      ; 0.873      ;
+--------+-------------------------------------------------------+-------------------------------------------------------+--------------+-------------+--------------+------------+------------+


+---------------------------------------------------------------------------------------------------------------------------------------------------------------------------------------------+
; Fast Model Hold: 'CLOCK_50'                                                                                                                                                                 ;
+-------+-------------------------------------------------------+-------------------------------------------------------+--------------+-------------+--------------+------------+------------+
; Slack ; From Node                                             ; To Node                                               ; Launch Clock ; Latch Clock ; Relationship ; Clock Skew ; Data Delay ;
+-------+-------------------------------------------------------+-------------------------------------------------------+--------------+-------------+--------------+------------+------------+
; 0.313 ; edge_det:inst5|inst                                   ; shift_reg:inst18|shift_cell:inst|dff_enrst:inst|inst  ; CLOCK_50     ; CLOCK_50    ; 0.000        ; 0.000      ; 0.465      ;
; 0.347 ; edge_det:inst5|inst                                   ; shift_reg:inst17|shift_cell:inst|dff_enrst:inst|inst  ; CLOCK_50     ; CLOCK_50    ; 0.000        ; 0.000      ; 0.499      ;
; 0.405 ; edge_det:inst6|inst                                   ; shift_reg:inst16|shift_cell:inst|dff_enrst:inst|inst  ; CLOCK_50     ; CLOCK_50    ; 0.000        ; 0.000      ; 0.557      ;
; 0.408 ; edge_det:inst6|inst                                   ; shift_reg:inst15|shift_cell:inst|dff_enrst:inst|inst  ; CLOCK_50     ; CLOCK_50    ; 0.000        ; 0.000      ; 0.560      ;
; 0.432 ; edge_det:inst6|inst2                                  ; shift_reg:inst16|shift_cell:inst|dff_enrst:inst|inst  ; CLOCK_50     ; CLOCK_50    ; 0.000        ; 0.000      ; 0.584      ;
; 0.435 ; edge_det:inst6|inst2                                  ; shift_reg:inst15|shift_cell:inst|dff_enrst:inst|inst  ; CLOCK_50     ; CLOCK_50    ; 0.000        ; 0.000      ; 0.587      ;
; 0.473 ; edge_det:inst5|inst                                   ; shift_reg:inst15|shift_cell:inst|dff_enrst:inst|inst  ; CLOCK_50     ; CLOCK_50    ; 0.000        ; 0.000      ; 0.625      ;
; 0.475 ; edge_det:inst5|inst                                   ; shift_reg:inst16|shift_cell:inst|dff_enrst:inst|inst  ; CLOCK_50     ; CLOCK_50    ; 0.000        ; 0.000      ; 0.627      ;
; 0.485 ; edge_det:inst5|inst                                   ; shift_reg:inst18|shift_cell:inst2|dff_enrst:inst|inst ; CLOCK_50     ; CLOCK_50    ; 0.000        ; 0.000      ; 0.637      ;
; 0.489 ; edge_det:inst5|inst                                   ; shift_reg:inst18|shift_cell:inst4|dff_enrst:inst|inst ; CLOCK_50     ; CLOCK_50    ; 0.000        ; 0.000      ; 0.641      ;
; 0.502 ; edge_det:inst5|inst2                                  ; shift_reg:inst15|shift_cell:inst|dff_enrst:inst|inst  ; CLOCK_50     ; CLOCK_50    ; 0.000        ; 0.000      ; 0.654      ;
; 0.506 ; edge_det:inst5|inst2                                  ; shift_reg:inst17|shift_cell:inst|dff_enrst:inst|inst  ; CLOCK_50     ; CLOCK_50    ; 0.000        ; 0.000      ; 0.658      ;
; 0.522 ; edge_det:inst6|inst                                   ; shift_reg:inst17|shift_cell:inst|dff_enrst:inst|inst  ; CLOCK_50     ; CLOCK_50    ; 0.000        ; 0.000      ; 0.674      ;
; 0.527 ; edge_det:inst6|inst                                   ; shift_reg:inst15|shift_cell:inst2|dff_enrst:inst|inst ; CLOCK_50     ; CLOCK_50    ; 0.000        ; 0.000      ; 0.679      ;
; 0.528 ; edge_det:inst6|inst                                   ; shift_reg:inst17|shift_cell:inst4|dff_enrst:inst|inst ; CLOCK_50     ; CLOCK_50    ; 0.000        ; 0.000      ; 0.680      ;
; 0.531 ; edge_det:inst6|inst                                   ; shift_reg:inst17|shift_cell:inst2|dff_enrst:inst|inst ; CLOCK_50     ; CLOCK_50    ; 0.000        ; 0.000      ; 0.683      ;
; 0.531 ; edge_det:inst6|inst                                   ; shift_reg:inst15|shift_cell:inst4|dff_enrst:inst|inst ; CLOCK_50     ; CLOCK_50    ; 0.000        ; 0.000      ; 0.683      ;
; 0.531 ; edge_det:inst4|inst                                   ; shift_reg:inst15|shift_cell:inst4|dff_enrst:inst|inst ; CLOCK_50     ; CLOCK_50    ; 0.000        ; 0.000      ; 0.683      ;
; 0.533 ; edge_det:inst4|inst                                   ; shift_reg:inst17|shift_cell:inst4|dff_enrst:inst|inst ; CLOCK_50     ; CLOCK_50    ; 0.000        ; 0.000      ; 0.685      ;
; 0.534 ; edge_det:inst6|inst2                                  ; shift_reg:inst16|shift_cell:inst5|dff_enrst:inst|inst ; CLOCK_50     ; CLOCK_50    ; 0.000        ; 0.000      ; 0.686      ;
; 0.534 ; edge_det:inst4|inst                                   ; shift_reg:inst15|shift_cell:inst2|dff_enrst:inst|inst ; CLOCK_50     ; CLOCK_50    ; 0.000        ; 0.000      ; 0.686      ;
; 0.535 ; edge_det:inst6|inst2                                  ; shift_reg:inst15|shift_cell:inst5|dff_enrst:inst|inst ; CLOCK_50     ; CLOCK_50    ; 0.000        ; 0.000      ; 0.687      ;
; 0.538 ; edge_det:inst6|inst2                                  ; shift_reg:inst18|shift_cell:inst5|dff_enrst:inst|inst ; CLOCK_50     ; CLOCK_50    ; 0.000        ; 0.000      ; 0.690      ;
; 0.539 ; shift_reg:inst18|shift_cell:inst4|dff_enrst:inst|inst ; shift_reg:inst18|shift_cell:inst2|dff_enrst:inst|inst ; CLOCK_50     ; CLOCK_50    ; 0.000        ; 0.000      ; 0.691      ;
; 0.549 ; edge_det:inst6|inst2                                  ; shift_reg:inst17|shift_cell:inst|dff_enrst:inst|inst  ; CLOCK_50     ; CLOCK_50    ; 0.000        ; 0.000      ; 0.701      ;
; 0.554 ; edge_det:inst4|inst                                   ; shift_reg:inst18|shift_cell:inst2|dff_enrst:inst|inst ; CLOCK_50     ; CLOCK_50    ; 0.000        ; 0.000      ; 0.706      ;
; 0.554 ; edge_det:inst6|inst2                                  ; shift_reg:inst15|shift_cell:inst2|dff_enrst:inst|inst ; CLOCK_50     ; CLOCK_50    ; 0.000        ; 0.000      ; 0.706      ;
; 0.555 ; edge_det:inst4|inst                                   ; shift_reg:inst16|shift_cell:inst2|dff_enrst:inst|inst ; CLOCK_50     ; CLOCK_50    ; 0.000        ; 0.000      ; 0.707      ;
; 0.555 ; edge_det:inst6|inst2                                  ; shift_reg:inst17|shift_cell:inst4|dff_enrst:inst|inst ; CLOCK_50     ; CLOCK_50    ; 0.000        ; 0.000      ; 0.707      ;
; 0.557 ; edge_det:inst4|inst                                   ; shift_reg:inst18|shift_cell:inst4|dff_enrst:inst|inst ; CLOCK_50     ; CLOCK_50    ; 0.000        ; 0.000      ; 0.709      ;
; 0.558 ; edge_det:inst6|inst2                                  ; shift_reg:inst17|shift_cell:inst2|dff_enrst:inst|inst ; CLOCK_50     ; CLOCK_50    ; 0.000        ; 0.000      ; 0.710      ;
; 0.558 ; edge_det:inst6|inst2                                  ; shift_reg:inst15|shift_cell:inst4|dff_enrst:inst|inst ; CLOCK_50     ; CLOCK_50    ; 0.000        ; 0.000      ; 0.710      ;
; 0.570 ; edge_det:inst6|inst                                   ; shift_reg:inst18|shift_cell:inst|dff_enrst:inst|inst  ; CLOCK_50     ; CLOCK_50    ; 0.000        ; 0.000      ; 0.722      ;
; 0.574 ; edge_det:inst4|inst2                                  ; shift_reg:inst15|shift_cell:inst4|dff_enrst:inst|inst ; CLOCK_50     ; CLOCK_50    ; 0.000        ; 0.000      ; 0.726      ;
; 0.575 ; edge_det:inst5|inst2                                  ; shift_reg:inst16|shift_cell:inst|dff_enrst:inst|inst  ; CLOCK_50     ; CLOCK_50    ; 0.000        ; 0.000      ; 0.727      ;
; 0.576 ; edge_det:inst4|inst2                                  ; shift_reg:inst17|shift_cell:inst4|dff_enrst:inst|inst ; CLOCK_50     ; CLOCK_50    ; 0.000        ; 0.000      ; 0.728      ;
; 0.577 ; edge_det:inst5|inst2                                  ; shift_reg:inst15|shift_cell:inst2|dff_enrst:inst|inst ; CLOCK_50     ; CLOCK_50    ; 0.000        ; 0.000      ; 0.729      ;
; 0.577 ; edge_det:inst4|inst2                                  ; shift_reg:inst15|shift_cell:inst2|dff_enrst:inst|inst ; CLOCK_50     ; CLOCK_50    ; 0.000        ; 0.000      ; 0.729      ;
; 0.578 ; edge_det:inst5|inst2                                  ; shift_reg:inst17|shift_cell:inst2|dff_enrst:inst|inst ; CLOCK_50     ; CLOCK_50    ; 0.000        ; 0.000      ; 0.730      ;
; 0.584 ; edge_det:inst5|inst2                                  ; shift_reg:inst18|shift_cell:inst|dff_enrst:inst|inst  ; CLOCK_50     ; CLOCK_50    ; 0.000        ; 0.000      ; 0.736      ;
; 0.588 ; edge_det:inst4|inst2                                  ; shift_reg:inst16|shift_cell:inst5|dff_enrst:inst|inst ; CLOCK_50     ; CLOCK_50    ; 0.000        ; 0.000      ; 0.740      ;
; 0.592 ; edge_det:inst4|inst2                                  ; shift_reg:inst15|shift_cell:inst5|dff_enrst:inst|inst ; CLOCK_50     ; CLOCK_50    ; 0.000        ; 0.000      ; 0.744      ;
; 0.596 ; edge_det:inst4|inst2                                  ; shift_reg:inst18|shift_cell:inst5|dff_enrst:inst|inst ; CLOCK_50     ; CLOCK_50    ; 0.000        ; 0.000      ; 0.748      ;
; 0.597 ; edge_det:inst4|inst2                                  ; shift_reg:inst17|shift_cell:inst5|dff_enrst:inst|inst ; CLOCK_50     ; CLOCK_50    ; 0.000        ; 0.000      ; 0.749      ;
; 0.597 ; edge_det:inst4|inst2                                  ; shift_reg:inst18|shift_cell:inst2|dff_enrst:inst|inst ; CLOCK_50     ; CLOCK_50    ; 0.000        ; 0.000      ; 0.749      ;
; 0.597 ; shift_reg:inst16|shift_cell:inst4|dff_enrst:inst|inst ; shift_reg:inst16|shift_cell:inst2|dff_enrst:inst|inst ; CLOCK_50     ; CLOCK_50    ; 0.000        ; 0.000      ; 0.749      ;
; 0.597 ; edge_det:inst6|inst2                                  ; shift_reg:inst18|shift_cell:inst|dff_enrst:inst|inst  ; CLOCK_50     ; CLOCK_50    ; 0.000        ; 0.000      ; 0.749      ;
; 0.598 ; edge_det:inst4|inst2                                  ; shift_reg:inst16|shift_cell:inst2|dff_enrst:inst|inst ; CLOCK_50     ; CLOCK_50    ; 0.000        ; 0.000      ; 0.750      ;
; 0.600 ; edge_det:inst4|inst2                                  ; shift_reg:inst18|shift_cell:inst4|dff_enrst:inst|inst ; CLOCK_50     ; CLOCK_50    ; 0.000        ; 0.000      ; 0.752      ;
; 0.601 ; edge_det:inst4|inst                                   ; shift_reg:inst17|shift_cell:inst2|dff_enrst:inst|inst ; CLOCK_50     ; CLOCK_50    ; 0.000        ; 0.000      ; 0.753      ;
; 0.606 ; shift_reg:inst17|shift_cell:inst5|dff_enrst:inst|inst ; shift_reg:inst17|shift_cell:inst4|dff_enrst:inst|inst ; CLOCK_50     ; CLOCK_50    ; 0.000        ; 0.000      ; 0.758      ;
; 0.608 ; edge_det:inst5|inst                                   ; shift_reg:inst16|shift_cell:inst4|dff_enrst:inst|inst ; CLOCK_50     ; CLOCK_50    ; 0.000        ; 0.000      ; 0.760      ;
; 0.608 ; edge_det:inst6|inst2                                  ; shift_reg:inst17|shift_cell:inst5|dff_enrst:inst|inst ; CLOCK_50     ; CLOCK_50    ; 0.000        ; 0.000      ; 0.760      ;
; 0.610 ; shift_reg:inst15|shift_cell:inst5|dff_enrst:inst|inst ; shift_reg:inst15|shift_cell:inst4|dff_enrst:inst|inst ; CLOCK_50     ; CLOCK_50    ; 0.000        ; 0.000      ; 0.762      ;
; 0.614 ; edge_det:inst6|inst                                   ; shift_reg:inst16|shift_cell:inst4|dff_enrst:inst|inst ; CLOCK_50     ; CLOCK_50    ; 0.000        ; 0.000      ; 0.766      ;
; 0.617 ; edge_det:inst6|inst                                   ; shift_reg:inst16|shift_cell:inst2|dff_enrst:inst|inst ; CLOCK_50     ; CLOCK_50    ; 0.000        ; 0.000      ; 0.769      ;
; 0.623 ; edge_det:inst6|inst                                   ; shift_reg:inst18|shift_cell:inst4|dff_enrst:inst|inst ; CLOCK_50     ; CLOCK_50    ; 0.000        ; 0.000      ; 0.775      ;
; 0.624 ; edge_det:inst6|inst                                   ; shift_reg:inst18|shift_cell:inst2|dff_enrst:inst|inst ; CLOCK_50     ; CLOCK_50    ; 0.000        ; 0.000      ; 0.776      ;
; 0.626 ; edge_det:inst4|inst                                   ; shift_reg:inst16|shift_cell:inst4|dff_enrst:inst|inst ; CLOCK_50     ; CLOCK_50    ; 0.000        ; 0.000      ; 0.778      ;
; 0.631 ; edge_det:inst5|inst2                                  ; shift_reg:inst18|shift_cell:inst2|dff_enrst:inst|inst ; CLOCK_50     ; CLOCK_50    ; 0.000        ; 0.000      ; 0.783      ;
; 0.633 ; edge_det:inst5|inst2                                  ; shift_reg:inst18|shift_cell:inst4|dff_enrst:inst|inst ; CLOCK_50     ; CLOCK_50    ; 0.000        ; 0.000      ; 0.785      ;
; 0.633 ; shift_reg:inst16|shift_cell:inst2|dff_enrst:inst|inst ; shift_reg:inst16|shift_cell:inst5|dff_enrst:inst|inst ; CLOCK_50     ; CLOCK_50    ; 0.000        ; 0.000      ; 0.785      ;
; 0.637 ; shift_reg:inst18|shift_cell:inst5|dff_enrst:inst|inst ; shift_reg:inst18|shift_cell:inst4|dff_enrst:inst|inst ; CLOCK_50     ; CLOCK_50    ; 0.000        ; 0.000      ; 0.789      ;
; 0.641 ; edge_det:inst6|inst2                                  ; shift_reg:inst16|shift_cell:inst4|dff_enrst:inst|inst ; CLOCK_50     ; CLOCK_50    ; 0.000        ; 0.000      ; 0.793      ;
; 0.644 ; edge_det:inst4|inst2                                  ; shift_reg:inst17|shift_cell:inst2|dff_enrst:inst|inst ; CLOCK_50     ; CLOCK_50    ; 0.000        ; 0.000      ; 0.796      ;
; 0.644 ; shift_reg:inst16|shift_cell:inst5|dff_enrst:inst|inst ; shift_reg:inst16|shift_cell:inst4|dff_enrst:inst|inst ; CLOCK_50     ; CLOCK_50    ; 0.000        ; 0.000      ; 0.796      ;
; 0.644 ; edge_det:inst6|inst2                                  ; shift_reg:inst16|shift_cell:inst2|dff_enrst:inst|inst ; CLOCK_50     ; CLOCK_50    ; 0.000        ; 0.000      ; 0.796      ;
; 0.647 ; edge_det:inst5|inst2                                  ; shift_reg:inst18|shift_cell:inst5|dff_enrst:inst|inst ; CLOCK_50     ; CLOCK_50    ; 0.000        ; 0.000      ; 0.799      ;
; 0.647 ; edge_det:inst5|inst2                                  ; shift_reg:inst17|shift_cell:inst5|dff_enrst:inst|inst ; CLOCK_50     ; CLOCK_50    ; 0.000        ; 0.000      ; 0.799      ;
; 0.647 ; edge_det:inst5|inst2                                  ; shift_reg:inst17|shift_cell:inst4|dff_enrst:inst|inst ; CLOCK_50     ; CLOCK_50    ; 0.000        ; 0.000      ; 0.799      ;
; 0.647 ; edge_det:inst5|inst2                                  ; shift_reg:inst16|shift_cell:inst5|dff_enrst:inst|inst ; CLOCK_50     ; CLOCK_50    ; 0.000        ; 0.000      ; 0.799      ;
; 0.647 ; edge_det:inst5|inst2                                  ; shift_reg:inst15|shift_cell:inst5|dff_enrst:inst|inst ; CLOCK_50     ; CLOCK_50    ; 0.000        ; 0.000      ; 0.799      ;
; 0.647 ; edge_det:inst5|inst2                                  ; shift_reg:inst15|shift_cell:inst4|dff_enrst:inst|inst ; CLOCK_50     ; CLOCK_50    ; 0.000        ; 0.000      ; 0.799      ;
; 0.650 ; edge_det:inst6|inst2                                  ; shift_reg:inst18|shift_cell:inst4|dff_enrst:inst|inst ; CLOCK_50     ; CLOCK_50    ; 0.000        ; 0.000      ; 0.802      ;
; 0.651 ; edge_det:inst6|inst2                                  ; shift_reg:inst18|shift_cell:inst2|dff_enrst:inst|inst ; CLOCK_50     ; CLOCK_50    ; 0.000        ; 0.000      ; 0.803      ;
; 0.665 ; edge_det:inst5|inst                                   ; shift_reg:inst16|shift_cell:inst2|dff_enrst:inst|inst ; CLOCK_50     ; CLOCK_50    ; 0.000        ; 0.000      ; 0.817      ;
; 0.669 ; edge_det:inst4|inst2                                  ; shift_reg:inst16|shift_cell:inst4|dff_enrst:inst|inst ; CLOCK_50     ; CLOCK_50    ; 0.000        ; 0.000      ; 0.821      ;
; 0.682 ; edge_det:inst5|inst2                                  ; shift_reg:inst16|shift_cell:inst4|dff_enrst:inst|inst ; CLOCK_50     ; CLOCK_50    ; 0.000        ; 0.000      ; 0.834      ;
; 0.685 ; shift_reg:inst17|shift_cell:inst5|dff_enrst:inst|inst ; shift_reg:inst17|shift_cell:inst5|dff_enrst:inst|inst ; CLOCK_50     ; CLOCK_50    ; 0.000        ; 0.000      ; 0.837      ;
; 0.687 ; shift_reg:inst18|shift_cell:inst2|dff_enrst:inst|inst ; shift_reg:inst18|shift_cell:inst5|dff_enrst:inst|inst ; CLOCK_50     ; CLOCK_50    ; 0.000        ; 0.000      ; 0.839      ;
; 0.704 ; edge_det:inst6|inst                                   ; shift_reg:inst16|shift_cell:inst5|dff_enrst:inst|inst ; CLOCK_50     ; CLOCK_50    ; 0.000        ; 0.000      ; 0.856      ;
; 0.707 ; edge_det:inst4|inst                                   ; edge_det:inst4|inst2                                  ; CLOCK_50     ; CLOCK_50    ; 0.000        ; 0.000      ; 0.859      ;
; 0.708 ; edge_det:inst6|inst                                   ; shift_reg:inst15|shift_cell:inst5|dff_enrst:inst|inst ; CLOCK_50     ; CLOCK_50    ; 0.000        ; 0.000      ; 0.860      ;
; 0.712 ; edge_det:inst6|inst                                   ; shift_reg:inst18|shift_cell:inst5|dff_enrst:inst|inst ; CLOCK_50     ; CLOCK_50    ; 0.000        ; 0.000      ; 0.864      ;
; 0.713 ; edge_det:inst6|inst                                   ; shift_reg:inst17|shift_cell:inst5|dff_enrst:inst|inst ; CLOCK_50     ; CLOCK_50    ; 0.000        ; 0.000      ; 0.865      ;
; 0.720 ; shift_reg:inst18|shift_cell:inst5|dff_enrst:inst|inst ; shift_reg:inst18|shift_cell:inst5|dff_enrst:inst|inst ; CLOCK_50     ; CLOCK_50    ; 0.000        ; 0.000      ; 0.872      ;
; 0.721 ; edge_det:inst5|inst2                                  ; shift_reg:inst16|shift_cell:inst2|dff_enrst:inst|inst ; CLOCK_50     ; CLOCK_50    ; 0.000        ; 0.000      ; 0.873      ;
; 0.725 ; shift_reg:inst17|shift_cell:inst4|dff_enrst:inst|inst ; shift_reg:inst17|shift_cell:inst5|dff_enrst:inst|inst ; CLOCK_50     ; CLOCK_50    ; 0.000        ; 0.000      ; 0.877      ;
; 0.731 ; edge_det:inst5|inst                                   ; shift_reg:inst17|shift_cell:inst4|dff_enrst:inst|inst ; CLOCK_50     ; CLOCK_50    ; 0.000        ; 0.000      ; 0.883      ;
; 0.737 ; edge_det:inst5|inst                                   ; shift_reg:inst15|shift_cell:inst2|dff_enrst:inst|inst ; CLOCK_50     ; CLOCK_50    ; 0.000        ; 0.000      ; 0.889      ;
; 0.738 ; shift_reg:inst17|shift_cell:inst4|dff_enrst:inst|inst ; shift_reg:inst17|shift_cell:inst2|dff_enrst:inst|inst ; CLOCK_50     ; CLOCK_50    ; 0.000        ; 0.000      ; 0.890      ;
; 0.738 ; edge_det:inst5|inst                                   ; shift_reg:inst17|shift_cell:inst2|dff_enrst:inst|inst ; CLOCK_50     ; CLOCK_50    ; 0.000        ; 0.000      ; 0.890      ;
; 0.740 ; edge_det:inst5|inst                                   ; shift_reg:inst15|shift_cell:inst4|dff_enrst:inst|inst ; CLOCK_50     ; CLOCK_50    ; 0.000        ; 0.000      ; 0.892      ;
; 0.743 ; shift_reg:inst18|shift_cell:inst4|dff_enrst:inst|inst ; shift_reg:inst18|shift_cell:inst5|dff_enrst:inst|inst ; CLOCK_50     ; CLOCK_50    ; 0.000        ; 0.000      ; 0.895      ;
; 0.748 ; shift_reg:inst15|shift_cell:inst5|dff_enrst:inst|inst ; shift_reg:inst15|shift_cell:inst5|dff_enrst:inst|inst ; CLOCK_50     ; CLOCK_50    ; 0.000        ; 0.000      ; 0.900      ;
; 0.750 ; edge_det:inst4|inst                                   ; shift_reg:inst16|shift_cell:inst5|dff_enrst:inst|inst ; CLOCK_50     ; CLOCK_50    ; 0.000        ; 0.000      ; 0.902      ;
; 0.754 ; edge_det:inst4|inst                                   ; shift_reg:inst15|shift_cell:inst5|dff_enrst:inst|inst ; CLOCK_50     ; CLOCK_50    ; 0.000        ; 0.000      ; 0.906      ;
; 0.758 ; edge_det:inst4|inst                                   ; shift_reg:inst18|shift_cell:inst5|dff_enrst:inst|inst ; CLOCK_50     ; CLOCK_50    ; 0.000        ; 0.000      ; 0.910      ;
; 0.759 ; edge_det:inst4|inst                                   ; shift_reg:inst17|shift_cell:inst5|dff_enrst:inst|inst ; CLOCK_50     ; CLOCK_50    ; 0.000        ; 0.000      ; 0.911      ;
; 0.760 ; shift_reg:inst16|shift_cell:inst4|dff_enrst:inst|inst ; shift_reg:inst16|shift_cell:inst5|dff_enrst:inst|inst ; CLOCK_50     ; CLOCK_50    ; 0.000        ; 0.000      ; 0.912      ;
+-------+-------------------------------------------------------+-------------------------------------------------------+--------------+-------------+--------------+------------+------------+


+-------------------------------------------------------------------------------------------------------------------------------------------+
; Fast Model Minimum Pulse Width: 'CLOCK_50'                                                                                                ;
+--------+--------------+----------------+------------------+----------+------------+-------------------------------------------------------+
; Slack  ; Actual Width ; Required Width ; Type             ; Clock    ; Clock Edge ; Target                                                ;
+--------+--------------+----------------+------------------+----------+------------+-------------------------------------------------------+
; -1.380 ; 1.000        ; 2.380          ; Port Rate        ; CLOCK_50 ; Rise       ; CLOCK_50                                              ;
; -0.500 ; 0.500        ; 1.000          ; High Pulse Width ; CLOCK_50 ; Rise       ; edge_det:inst4|inst                                   ;
; -0.500 ; 0.500        ; 1.000          ; Low Pulse Width  ; CLOCK_50 ; Rise       ; edge_det:inst4|inst                                   ;
; -0.500 ; 0.500        ; 1.000          ; High Pulse Width ; CLOCK_50 ; Rise       ; edge_det:inst4|inst2                                  ;
; -0.500 ; 0.500        ; 1.000          ; Low Pulse Width  ; CLOCK_50 ; Rise       ; edge_det:inst4|inst2                                  ;
; -0.500 ; 0.500        ; 1.000          ; High Pulse Width ; CLOCK_50 ; Rise       ; edge_det:inst5|inst                                   ;
; -0.500 ; 0.500        ; 1.000          ; Low Pulse Width  ; CLOCK_50 ; Rise       ; edge_det:inst5|inst                                   ;
; -0.500 ; 0.500        ; 1.000          ; High Pulse Width ; CLOCK_50 ; Rise       ; edge_det:inst5|inst2                                  ;
; -0.500 ; 0.500        ; 1.000          ; Low Pulse Width  ; CLOCK_50 ; Rise       ; edge_det:inst5|inst2                                  ;
; -0.500 ; 0.500        ; 1.000          ; High Pulse Width ; CLOCK_50 ; Rise       ; edge_det:inst6|inst                                   ;
; -0.500 ; 0.500        ; 1.000          ; Low Pulse Width  ; CLOCK_50 ; Rise       ; edge_det:inst6|inst                                   ;
; -0.500 ; 0.500        ; 1.000          ; High Pulse Width ; CLOCK_50 ; Rise       ; edge_det:inst6|inst2                                  ;
; -0.500 ; 0.500        ; 1.000          ; Low Pulse Width  ; CLOCK_50 ; Rise       ; edge_det:inst6|inst2                                  ;
; -0.500 ; 0.500        ; 1.000          ; High Pulse Width ; CLOCK_50 ; Rise       ; shift_reg:inst15|shift_cell:inst2|dff_enrst:inst|inst ;
; -0.500 ; 0.500        ; 1.000          ; Low Pulse Width  ; CLOCK_50 ; Rise       ; shift_reg:inst15|shift_cell:inst2|dff_enrst:inst|inst ;
; -0.500 ; 0.500        ; 1.000          ; High Pulse Width ; CLOCK_50 ; Rise       ; shift_reg:inst15|shift_cell:inst4|dff_enrst:inst|inst ;
; -0.500 ; 0.500        ; 1.000          ; Low Pulse Width  ; CLOCK_50 ; Rise       ; shift_reg:inst15|shift_cell:inst4|dff_enrst:inst|inst ;
; -0.500 ; 0.500        ; 1.000          ; High Pulse Width ; CLOCK_50 ; Rise       ; shift_reg:inst15|shift_cell:inst5|dff_enrst:inst|inst ;
; -0.500 ; 0.500        ; 1.000          ; Low Pulse Width  ; CLOCK_50 ; Rise       ; shift_reg:inst15|shift_cell:inst5|dff_enrst:inst|inst ;
; -0.500 ; 0.500        ; 1.000          ; High Pulse Width ; CLOCK_50 ; Rise       ; shift_reg:inst15|shift_cell:inst|dff_enrst:inst|inst  ;
; -0.500 ; 0.500        ; 1.000          ; Low Pulse Width  ; CLOCK_50 ; Rise       ; shift_reg:inst15|shift_cell:inst|dff_enrst:inst|inst  ;
; -0.500 ; 0.500        ; 1.000          ; High Pulse Width ; CLOCK_50 ; Rise       ; shift_reg:inst16|shift_cell:inst2|dff_enrst:inst|inst ;
; -0.500 ; 0.500        ; 1.000          ; Low Pulse Width  ; CLOCK_50 ; Rise       ; shift_reg:inst16|shift_cell:inst2|dff_enrst:inst|inst ;
; -0.500 ; 0.500        ; 1.000          ; High Pulse Width ; CLOCK_50 ; Rise       ; shift_reg:inst16|shift_cell:inst4|dff_enrst:inst|inst ;
; -0.500 ; 0.500        ; 1.000          ; Low Pulse Width  ; CLOCK_50 ; Rise       ; shift_reg:inst16|shift_cell:inst4|dff_enrst:inst|inst ;
; -0.500 ; 0.500        ; 1.000          ; High Pulse Width ; CLOCK_50 ; Rise       ; shift_reg:inst16|shift_cell:inst5|dff_enrst:inst|inst ;
; -0.500 ; 0.500        ; 1.000          ; Low Pulse Width  ; CLOCK_50 ; Rise       ; shift_reg:inst16|shift_cell:inst5|dff_enrst:inst|inst ;
; -0.500 ; 0.500        ; 1.000          ; High Pulse Width ; CLOCK_50 ; Rise       ; shift_reg:inst16|shift_cell:inst|dff_enrst:inst|inst  ;
; -0.500 ; 0.500        ; 1.000          ; Low Pulse Width  ; CLOCK_50 ; Rise       ; shift_reg:inst16|shift_cell:inst|dff_enrst:inst|inst  ;
; -0.500 ; 0.500        ; 1.000          ; High Pulse Width ; CLOCK_50 ; Rise       ; shift_reg:inst17|shift_cell:inst2|dff_enrst:inst|inst ;
; -0.500 ; 0.500        ; 1.000          ; Low Pulse Width  ; CLOCK_50 ; Rise       ; shift_reg:inst17|shift_cell:inst2|dff_enrst:inst|inst ;
; -0.500 ; 0.500        ; 1.000          ; High Pulse Width ; CLOCK_50 ; Rise       ; shift_reg:inst17|shift_cell:inst4|dff_enrst:inst|inst ;
; -0.500 ; 0.500        ; 1.000          ; Low Pulse Width  ; CLOCK_50 ; Rise       ; shift_reg:inst17|shift_cell:inst4|dff_enrst:inst|inst ;
; -0.500 ; 0.500        ; 1.000          ; High Pulse Width ; CLOCK_50 ; Rise       ; shift_reg:inst17|shift_cell:inst5|dff_enrst:inst|inst ;
; -0.500 ; 0.500        ; 1.000          ; Low Pulse Width  ; CLOCK_50 ; Rise       ; shift_reg:inst17|shift_cell:inst5|dff_enrst:inst|inst ;
; -0.500 ; 0.500        ; 1.000          ; High Pulse Width ; CLOCK_50 ; Rise       ; shift_reg:inst17|shift_cell:inst|dff_enrst:inst|inst  ;
; -0.500 ; 0.500        ; 1.000          ; Low Pulse Width  ; CLOCK_50 ; Rise       ; shift_reg:inst17|shift_cell:inst|dff_enrst:inst|inst  ;
; -0.500 ; 0.500        ; 1.000          ; High Pulse Width ; CLOCK_50 ; Rise       ; shift_reg:inst18|shift_cell:inst2|dff_enrst:inst|inst ;
; -0.500 ; 0.500        ; 1.000          ; Low Pulse Width  ; CLOCK_50 ; Rise       ; shift_reg:inst18|shift_cell:inst2|dff_enrst:inst|inst ;
; -0.500 ; 0.500        ; 1.000          ; High Pulse Width ; CLOCK_50 ; Rise       ; shift_reg:inst18|shift_cell:inst4|dff_enrst:inst|inst ;
; -0.500 ; 0.500        ; 1.000          ; Low Pulse Width  ; CLOCK_50 ; Rise       ; shift_reg:inst18|shift_cell:inst4|dff_enrst:inst|inst ;
; -0.500 ; 0.500        ; 1.000          ; High Pulse Width ; CLOCK_50 ; Rise       ; shift_reg:inst18|shift_cell:inst5|dff_enrst:inst|inst ;
; -0.500 ; 0.500        ; 1.000          ; Low Pulse Width  ; CLOCK_50 ; Rise       ; shift_reg:inst18|shift_cell:inst5|dff_enrst:inst|inst ;
; -0.500 ; 0.500        ; 1.000          ; High Pulse Width ; CLOCK_50 ; Rise       ; shift_reg:inst18|shift_cell:inst|dff_enrst:inst|inst  ;
; -0.500 ; 0.500        ; 1.000          ; Low Pulse Width  ; CLOCK_50 ; Rise       ; shift_reg:inst18|shift_cell:inst|dff_enrst:inst|inst  ;
; 0.500  ; 0.500        ; 0.000          ; High Pulse Width ; CLOCK_50 ; Rise       ; CLOCK_50|combout                                      ;
; 0.500  ; 0.500        ; 0.000          ; Low Pulse Width  ; CLOCK_50 ; Rise       ; CLOCK_50|combout                                      ;
; 0.500  ; 0.500        ; 0.000          ; High Pulse Width ; CLOCK_50 ; Rise       ; CLOCK_50~clkctrl|inclk[0]                             ;
; 0.500  ; 0.500        ; 0.000          ; Low Pulse Width  ; CLOCK_50 ; Rise       ; CLOCK_50~clkctrl|inclk[0]                             ;
; 0.500  ; 0.500        ; 0.000          ; High Pulse Width ; CLOCK_50 ; Rise       ; CLOCK_50~clkctrl|outclk                               ;
; 0.500  ; 0.500        ; 0.000          ; Low Pulse Width  ; CLOCK_50 ; Rise       ; CLOCK_50~clkctrl|outclk                               ;
; 0.500  ; 0.500        ; 0.000          ; High Pulse Width ; CLOCK_50 ; Rise       ; inst15|inst2|inst|inst|clk                            ;
; 0.500  ; 0.500        ; 0.000          ; Low Pulse Width  ; CLOCK_50 ; Rise       ; inst15|inst2|inst|inst|clk                            ;
; 0.500  ; 0.500        ; 0.000          ; High Pulse Width ; CLOCK_50 ; Rise       ; inst15|inst4|inst|inst|clk                            ;
; 0.500  ; 0.500        ; 0.000          ; Low Pulse Width  ; CLOCK_50 ; Rise       ; inst15|inst4|inst|inst|clk                            ;
; 0.500  ; 0.500        ; 0.000          ; High Pulse Width ; CLOCK_50 ; Rise       ; inst15|inst5|inst|inst|clk                            ;
; 0.500  ; 0.500        ; 0.000          ; Low Pulse Width  ; CLOCK_50 ; Rise       ; inst15|inst5|inst|inst|clk                            ;
; 0.500  ; 0.500        ; 0.000          ; High Pulse Width ; CLOCK_50 ; Rise       ; inst15|inst|inst|inst|clk                             ;
; 0.500  ; 0.500        ; 0.000          ; Low Pulse Width  ; CLOCK_50 ; Rise       ; inst15|inst|inst|inst|clk                             ;
; 0.500  ; 0.500        ; 0.000          ; High Pulse Width ; CLOCK_50 ; Rise       ; inst16|inst2|inst|inst|clk                            ;
; 0.500  ; 0.500        ; 0.000          ; Low Pulse Width  ; CLOCK_50 ; Rise       ; inst16|inst2|inst|inst|clk                            ;
; 0.500  ; 0.500        ; 0.000          ; High Pulse Width ; CLOCK_50 ; Rise       ; inst16|inst4|inst|inst|clk                            ;
; 0.500  ; 0.500        ; 0.000          ; Low Pulse Width  ; CLOCK_50 ; Rise       ; inst16|inst4|inst|inst|clk                            ;
; 0.500  ; 0.500        ; 0.000          ; High Pulse Width ; CLOCK_50 ; Rise       ; inst16|inst5|inst|inst|clk                            ;
; 0.500  ; 0.500        ; 0.000          ; Low Pulse Width  ; CLOCK_50 ; Rise       ; inst16|inst5|inst|inst|clk                            ;
; 0.500  ; 0.500        ; 0.000          ; High Pulse Width ; CLOCK_50 ; Rise       ; inst16|inst|inst|inst|clk                             ;
; 0.500  ; 0.500        ; 0.000          ; Low Pulse Width  ; CLOCK_50 ; Rise       ; inst16|inst|inst|inst|clk                             ;
; 0.500  ; 0.500        ; 0.000          ; High Pulse Width ; CLOCK_50 ; Rise       ; inst17|inst2|inst|inst|clk                            ;
; 0.500  ; 0.500        ; 0.000          ; Low Pulse Width  ; CLOCK_50 ; Rise       ; inst17|inst2|inst|inst|clk                            ;
; 0.500  ; 0.500        ; 0.000          ; High Pulse Width ; CLOCK_50 ; Rise       ; inst17|inst4|inst|inst|clk                            ;
; 0.500  ; 0.500        ; 0.000          ; Low Pulse Width  ; CLOCK_50 ; Rise       ; inst17|inst4|inst|inst|clk                            ;
; 0.500  ; 0.500        ; 0.000          ; High Pulse Width ; CLOCK_50 ; Rise       ; inst17|inst5|inst|inst|clk                            ;
; 0.500  ; 0.500        ; 0.000          ; Low Pulse Width  ; CLOCK_50 ; Rise       ; inst17|inst5|inst|inst|clk                            ;
; 0.500  ; 0.500        ; 0.000          ; High Pulse Width ; CLOCK_50 ; Rise       ; inst17|inst|inst|inst|clk                             ;
; 0.500  ; 0.500        ; 0.000          ; Low Pulse Width  ; CLOCK_50 ; Rise       ; inst17|inst|inst|inst|clk                             ;
; 0.500  ; 0.500        ; 0.000          ; High Pulse Width ; CLOCK_50 ; Rise       ; inst18|inst2|inst|inst|clk                            ;
; 0.500  ; 0.500        ; 0.000          ; Low Pulse Width  ; CLOCK_50 ; Rise       ; inst18|inst2|inst|inst|clk                            ;
; 0.500  ; 0.500        ; 0.000          ; High Pulse Width ; CLOCK_50 ; Rise       ; inst18|inst4|inst|inst|clk                            ;
; 0.500  ; 0.500        ; 0.000          ; Low Pulse Width  ; CLOCK_50 ; Rise       ; inst18|inst4|inst|inst|clk                            ;
; 0.500  ; 0.500        ; 0.000          ; High Pulse Width ; CLOCK_50 ; Rise       ; inst18|inst5|inst|inst|clk                            ;
; 0.500  ; 0.500        ; 0.000          ; Low Pulse Width  ; CLOCK_50 ; Rise       ; inst18|inst5|inst|inst|clk                            ;
; 0.500  ; 0.500        ; 0.000          ; High Pulse Width ; CLOCK_50 ; Rise       ; inst18|inst|inst|inst|clk                             ;
; 0.500  ; 0.500        ; 0.000          ; Low Pulse Width  ; CLOCK_50 ; Rise       ; inst18|inst|inst|inst|clk                             ;
; 0.500  ; 0.500        ; 0.000          ; High Pulse Width ; CLOCK_50 ; Rise       ; inst4|inst2|clk                                       ;
; 0.500  ; 0.500        ; 0.000          ; Low Pulse Width  ; CLOCK_50 ; Rise       ; inst4|inst2|clk                                       ;
; 0.500  ; 0.500        ; 0.000          ; High Pulse Width ; CLOCK_50 ; Rise       ; inst4|inst|clk                                        ;
; 0.500  ; 0.500        ; 0.000          ; Low Pulse Width  ; CLOCK_50 ; Rise       ; inst4|inst|clk                                        ;
; 0.500  ; 0.500        ; 0.000          ; High Pulse Width ; CLOCK_50 ; Rise       ; inst5|inst2|clk                                       ;
; 0.500  ; 0.500        ; 0.000          ; Low Pulse Width  ; CLOCK_50 ; Rise       ; inst5|inst2|clk                                       ;
; 0.500  ; 0.500        ; 0.000          ; High Pulse Width ; CLOCK_50 ; Rise       ; inst5|inst|clk                                        ;
; 0.500  ; 0.500        ; 0.000          ; Low Pulse Width  ; CLOCK_50 ; Rise       ; inst5|inst|clk                                        ;
; 0.500  ; 0.500        ; 0.000          ; High Pulse Width ; CLOCK_50 ; Rise       ; inst6|inst2|clk                                       ;
; 0.500  ; 0.500        ; 0.000          ; Low Pulse Width  ; CLOCK_50 ; Rise       ; inst6|inst2|clk                                       ;
; 0.500  ; 0.500        ; 0.000          ; High Pulse Width ; CLOCK_50 ; Rise       ; inst6|inst|clk                                        ;
; 0.500  ; 0.500        ; 0.000          ; Low Pulse Width  ; CLOCK_50 ; Rise       ; inst6|inst|clk                                        ;
+--------+--------------+----------------+------------------+----------+------------+-------------------------------------------------------+


+-------------------------------------------------------------------------+
; Setup Times                                                             ;
+-----------+------------+--------+--------+------------+-----------------+
; Data Port ; Clock Port ; Rise   ; Fall   ; Clock Edge ; Clock Reference ;
+-----------+------------+--------+--------+------------+-----------------+
; KEY[*]    ; CLOCK_50   ; 3.070  ; 3.070  ; Rise       ; CLOCK_50        ;
;  KEY[0]   ; CLOCK_50   ; 3.070  ; 3.070  ; Rise       ; CLOCK_50        ;
;  KEY[2]   ; CLOCK_50   ; 2.958  ; 2.958  ; Rise       ; CLOCK_50        ;
;  KEY[3]   ; CLOCK_50   ; 2.284  ; 2.284  ; Rise       ; CLOCK_50        ;
; SW[*]     ; CLOCK_50   ; 2.783  ; 2.783  ; Rise       ; CLOCK_50        ;
;  SW[0]    ; CLOCK_50   ; -0.177 ; -0.177 ; Rise       ; CLOCK_50        ;
;  SW[1]    ; CLOCK_50   ; -0.031 ; -0.031 ; Rise       ; CLOCK_50        ;
;  SW[2]    ; CLOCK_50   ; -0.053 ; -0.053 ; Rise       ; CLOCK_50        ;
;  SW[3]    ; CLOCK_50   ; -0.045 ; -0.045 ; Rise       ; CLOCK_50        ;
;  SW[4]    ; CLOCK_50   ; 0.064  ; 0.064  ; Rise       ; CLOCK_50        ;
;  SW[5]    ; CLOCK_50   ; 0.055  ; 0.055  ; Rise       ; CLOCK_50        ;
;  SW[6]    ; CLOCK_50   ; 0.009  ; 0.009  ; Rise       ; CLOCK_50        ;
;  SW[7]    ; CLOCK_50   ; 0.431  ; 0.431  ; Rise       ; CLOCK_50        ;
;  SW[8]    ; CLOCK_50   ; 0.527  ; 0.527  ; Rise       ; CLOCK_50        ;
;  SW[9]    ; CLOCK_50   ; 0.342  ; 0.342  ; Rise       ; CLOCK_50        ;
;  SW[10]   ; CLOCK_50   ; 0.242  ; 0.242  ; Rise       ; CLOCK_50        ;
;  SW[11]   ; CLOCK_50   ; 0.433  ; 0.433  ; Rise       ; CLOCK_50        ;
;  SW[12]   ; CLOCK_50   ; 0.474  ; 0.474  ; Rise       ; CLOCK_50        ;
;  SW[13]   ; CLOCK_50   ; 2.783  ; 2.783  ; Rise       ; CLOCK_50        ;
;  SW[14]   ; CLOCK_50   ; 2.737  ; 2.737  ; Rise       ; CLOCK_50        ;
;  SW[15]   ; CLOCK_50   ; 2.771  ; 2.771  ; Rise       ; CLOCK_50        ;
+-----------+------------+--------+--------+------------+-----------------+


+-------------------------------------------------------------------------+
; Hold Times                                                              ;
+-----------+------------+--------+--------+------------+-----------------+
; Data Port ; Clock Port ; Rise   ; Fall   ; Clock Edge ; Clock Reference ;
+-----------+------------+--------+--------+------------+-----------------+
; KEY[*]    ; CLOCK_50   ; -1.834 ; -1.834 ; Rise       ; CLOCK_50        ;
;  KEY[0]   ; CLOCK_50   ; -2.480 ; -2.480 ; Rise       ; CLOCK_50        ;
;  KEY[2]   ; CLOCK_50   ; -2.088 ; -2.088 ; Rise       ; CLOCK_50        ;
;  KEY[3]   ; CLOCK_50   ; -1.834 ; -1.834 ; Rise       ; CLOCK_50        ;
; SW[*]     ; CLOCK_50   ; 0.297  ; 0.297  ; Rise       ; CLOCK_50        ;
;  SW[0]    ; CLOCK_50   ; 0.297  ; 0.297  ; Rise       ; CLOCK_50        ;
;  SW[1]    ; CLOCK_50   ; 0.151  ; 0.151  ; Rise       ; CLOCK_50        ;
;  SW[2]    ; CLOCK_50   ; 0.173  ; 0.173  ; Rise       ; CLOCK_50        ;
;  SW[3]    ; CLOCK_50   ; 0.165  ; 0.165  ; Rise       ; CLOCK_50        ;
;  SW[4]    ; CLOCK_50   ; 0.056  ; 0.056  ; Rise       ; CLOCK_50        ;
;  SW[5]    ; CLOCK_50   ; 0.065  ; 0.065  ; Rise       ; CLOCK_50        ;
;  SW[6]    ; CLOCK_50   ; 0.111  ; 0.111  ; Rise       ; CLOCK_50        ;
;  SW[7]    ; CLOCK_50   ; -0.311 ; -0.311 ; Rise       ; CLOCK_50        ;
;  SW[8]    ; CLOCK_50   ; -0.407 ; -0.407 ; Rise       ; CLOCK_50        ;
;  SW[9]    ; CLOCK_50   ; -0.222 ; -0.222 ; Rise       ; CLOCK_50        ;
;  SW[10]   ; CLOCK_50   ; -0.122 ; -0.122 ; Rise       ; CLOCK_50        ;
;  SW[11]   ; CLOCK_50   ; -0.313 ; -0.313 ; Rise       ; CLOCK_50        ;
;  SW[12]   ; CLOCK_50   ; -0.354 ; -0.354 ; Rise       ; CLOCK_50        ;
;  SW[13]   ; CLOCK_50   ; -2.663 ; -2.663 ; Rise       ; CLOCK_50        ;
;  SW[14]   ; CLOCK_50   ; -2.617 ; -2.617 ; Rise       ; CLOCK_50        ;
;  SW[15]   ; CLOCK_50   ; -2.651 ; -2.651 ; Rise       ; CLOCK_50        ;
+-----------+------------+--------+--------+------------+-----------------+


+-----------------------------------------------------------------------+
; Clock to Output Times                                                 ;
+-----------+------------+-------+-------+------------+-----------------+
; Data Port ; Clock Port ; Rise  ; Fall  ; Clock Edge ; Clock Reference ;
+-----------+------------+-------+-------+------------+-----------------+
; HEX0[*]   ; CLOCK_50   ; 5.120 ; 5.120 ; Rise       ; CLOCK_50        ;
;  HEX0[0]  ; CLOCK_50   ; 5.120 ; 5.120 ; Rise       ; CLOCK_50        ;
;  HEX0[1]  ; CLOCK_50   ; 5.096 ; 5.096 ; Rise       ; CLOCK_50        ;
;  HEX0[2]  ; CLOCK_50   ; 5.092 ; 5.092 ; Rise       ; CLOCK_50        ;
;  HEX0[3]  ; CLOCK_50   ; 5.002 ; 5.002 ; Rise       ; CLOCK_50        ;
;  HEX0[4]  ; CLOCK_50   ; 5.015 ; 5.015 ; Rise       ; CLOCK_50        ;
;  HEX0[5]  ; CLOCK_50   ; 5.004 ; 5.004 ; Rise       ; CLOCK_50        ;
;  HEX0[6]  ; CLOCK_50   ; 4.997 ; 4.997 ; Rise       ; CLOCK_50        ;
; HEX1[*]   ; CLOCK_50   ; 4.135 ; 4.135 ; Rise       ; CLOCK_50        ;
;  HEX1[0]  ; CLOCK_50   ; 4.135 ; 4.135 ; Rise       ; CLOCK_50        ;
;  HEX1[1]  ; CLOCK_50   ; 4.128 ; 4.128 ; Rise       ; CLOCK_50        ;
;  HEX1[2]  ; CLOCK_50   ; 4.013 ; 4.013 ; Rise       ; CLOCK_50        ;
;  HEX1[3]  ; CLOCK_50   ; 3.994 ; 3.994 ; Rise       ; CLOCK_50        ;
;  HEX1[4]  ; CLOCK_50   ; 4.010 ; 4.010 ; Rise       ; CLOCK_50        ;
;  HEX1[5]  ; CLOCK_50   ; 3.992 ; 3.992 ; Rise       ; CLOCK_50        ;
;  HEX1[6]  ; CLOCK_50   ; 3.957 ; 3.957 ; Rise       ; CLOCK_50        ;
; HEX2[*]   ; CLOCK_50   ; 4.112 ; 4.112 ; Rise       ; CLOCK_50        ;
;  HEX2[0]  ; CLOCK_50   ; 4.003 ; 4.003 ; Rise       ; CLOCK_50        ;
;  HEX2[1]  ; CLOCK_50   ; 4.013 ; 4.013 ; Rise       ; CLOCK_50        ;
;  HEX2[2]  ; CLOCK_50   ; 4.077 ; 4.077 ; Rise       ; CLOCK_50        ;
;  HEX2[3]  ; CLOCK_50   ; 4.064 ; 4.064 ; Rise       ; CLOCK_50        ;
;  HEX2[4]  ; CLOCK_50   ; 4.111 ; 4.111 ; Rise       ; CLOCK_50        ;
;  HEX2[5]  ; CLOCK_50   ; 3.960 ; 3.960 ; Rise       ; CLOCK_50        ;
;  HEX2[6]  ; CLOCK_50   ; 4.112 ; 4.112 ; Rise       ; CLOCK_50        ;
; HEX3[*]   ; CLOCK_50   ; 4.139 ; 4.139 ; Rise       ; CLOCK_50        ;
;  HEX3[0]  ; CLOCK_50   ; 4.117 ; 4.117 ; Rise       ; CLOCK_50        ;
;  HEX3[1]  ; CLOCK_50   ; 4.013 ; 4.013 ; Rise       ; CLOCK_50        ;
;  HEX3[2]  ; CLOCK_50   ; 4.038 ; 4.038 ; Rise       ; CLOCK_50        ;
;  HEX3[3]  ; CLOCK_50   ; 4.013 ; 4.013 ; Rise       ; CLOCK_50        ;
;  HEX3[4]  ; CLOCK_50   ; 4.037 ; 4.037 ; Rise       ; CLOCK_50        ;
;  HEX3[5]  ; CLOCK_50   ; 4.107 ; 4.107 ; Rise       ; CLOCK_50        ;
;  HEX3[6]  ; CLOCK_50   ; 4.139 ; 4.139 ; Rise       ; CLOCK_50        ;
+-----------+------------+-------+-------+------------+-----------------+


+-----------------------------------------------------------------------+
; Minimum Clock to Output Times                                         ;
+-----------+------------+-------+-------+------------+-----------------+
; Data Port ; Clock Port ; Rise  ; Fall  ; Clock Edge ; Clock Reference ;
+-----------+------------+-------+-------+------------+-----------------+
; HEX0[*]   ; CLOCK_50   ; 4.798 ; 4.798 ; Rise       ; CLOCK_50        ;
;  HEX0[0]  ; CLOCK_50   ; 4.926 ; 4.926 ; Rise       ; CLOCK_50        ;
;  HEX0[1]  ; CLOCK_50   ; 4.901 ; 4.901 ; Rise       ; CLOCK_50        ;
;  HEX0[2]  ; CLOCK_50   ; 4.899 ; 4.899 ; Rise       ; CLOCK_50        ;
;  HEX0[3]  ; CLOCK_50   ; 4.807 ; 4.807 ; Rise       ; CLOCK_50        ;
;  HEX0[4]  ; CLOCK_50   ; 4.821 ; 4.821 ; Rise       ; CLOCK_50        ;
;  HEX0[5]  ; CLOCK_50   ; 4.810 ; 4.810 ; Rise       ; CLOCK_50        ;
;  HEX0[6]  ; CLOCK_50   ; 4.798 ; 4.798 ; Rise       ; CLOCK_50        ;
; HEX1[*]   ; CLOCK_50   ; 3.845 ; 3.845 ; Rise       ; CLOCK_50        ;
;  HEX1[0]  ; CLOCK_50   ; 4.022 ; 4.022 ; Rise       ; CLOCK_50        ;
;  HEX1[1]  ; CLOCK_50   ; 4.014 ; 4.014 ; Rise       ; CLOCK_50        ;
;  HEX1[2]  ; CLOCK_50   ; 3.898 ; 3.898 ; Rise       ; CLOCK_50        ;
;  HEX1[3]  ; CLOCK_50   ; 3.876 ; 3.876 ; Rise       ; CLOCK_50        ;
;  HEX1[4]  ; CLOCK_50   ; 3.890 ; 3.890 ; Rise       ; CLOCK_50        ;
;  HEX1[5]  ; CLOCK_50   ; 3.881 ; 3.881 ; Rise       ; CLOCK_50        ;
;  HEX1[6]  ; CLOCK_50   ; 3.845 ; 3.845 ; Rise       ; CLOCK_50        ;
; HEX2[*]   ; CLOCK_50   ; 3.798 ; 3.798 ; Rise       ; CLOCK_50        ;
;  HEX2[0]  ; CLOCK_50   ; 3.818 ; 3.818 ; Rise       ; CLOCK_50        ;
;  HEX2[1]  ; CLOCK_50   ; 3.893 ; 3.893 ; Rise       ; CLOCK_50        ;
;  HEX2[2]  ; CLOCK_50   ; 3.954 ; 3.954 ; Rise       ; CLOCK_50        ;
;  HEX2[3]  ; CLOCK_50   ; 3.942 ; 3.942 ; Rise       ; CLOCK_50        ;
;  HEX2[4]  ; CLOCK_50   ; 3.947 ; 3.947 ; Rise       ; CLOCK_50        ;
;  HEX2[5]  ; CLOCK_50   ; 3.798 ; 3.798 ; Rise       ; CLOCK_50        ;
;  HEX2[6]  ; CLOCK_50   ; 3.930 ; 3.930 ; Rise       ; CLOCK_50        ;
; HEX3[*]   ; CLOCK_50   ; 3.886 ; 3.886 ; Rise       ; CLOCK_50        ;
;  HEX3[0]  ; CLOCK_50   ; 3.994 ; 3.994 ; Rise       ; CLOCK_50        ;
;  HEX3[1]  ; CLOCK_50   ; 3.890 ; 3.890 ; Rise       ; CLOCK_50        ;
;  HEX3[2]  ; CLOCK_50   ; 3.902 ; 3.902 ; Rise       ; CLOCK_50        ;
;  HEX3[3]  ; CLOCK_50   ; 3.886 ; 3.886 ; Rise       ; CLOCK_50        ;
;  HEX3[4]  ; CLOCK_50   ; 3.909 ; 3.909 ; Rise       ; CLOCK_50        ;
;  HEX3[5]  ; CLOCK_50   ; 3.977 ; 3.977 ; Rise       ; CLOCK_50        ;
;  HEX3[6]  ; CLOCK_50   ; 4.019 ; 4.019 ; Rise       ; CLOCK_50        ;
+-----------+------------+-------+-------+------------+-----------------+


+-------------------------------------------------------------------------------+
; Multicorner Timing Analysis Summary                                           ;
+------------------+---------+-------+----------+---------+---------------------+
; Clock            ; Setup   ; Hold  ; Recovery ; Removal ; Minimum Pulse Width ;
+------------------+---------+-------+----------+---------+---------------------+
; Worst-case Slack ; -1.434  ; 0.313 ; N/A      ; N/A     ; -1.380              ;
;  CLOCK_50        ; -1.434  ; 0.313 ; N/A      ; N/A     ; -1.380              ;
; Design-wide TNS  ; -24.431 ; 0.0   ; 0.0      ; 0.0     ; -23.38              ;
;  CLOCK_50        ; -24.431 ; 0.000 ; N/A      ; N/A     ; -23.380             ;
+------------------+---------+-------+----------+---------+---------------------+


+-----------------------------------------------------------------------+
; Setup Times                                                           ;
+-----------+------------+-------+-------+------------+-----------------+
; Data Port ; Clock Port ; Rise  ; Fall  ; Clock Edge ; Clock Reference ;
+-----------+------------+-------+-------+------------+-----------------+
; KEY[*]    ; CLOCK_50   ; 5.826 ; 5.826 ; Rise       ; CLOCK_50        ;
;  KEY[0]   ; CLOCK_50   ; 5.826 ; 5.826 ; Rise       ; CLOCK_50        ;
;  KEY[2]   ; CLOCK_50   ; 5.764 ; 5.764 ; Rise       ; CLOCK_50        ;
;  KEY[3]   ; CLOCK_50   ; 4.319 ; 4.319 ; Rise       ; CLOCK_50        ;
; SW[*]     ; CLOCK_50   ; 5.276 ; 5.276 ; Rise       ; CLOCK_50        ;
;  SW[0]    ; CLOCK_50   ; 0.223 ; 0.223 ; Rise       ; CLOCK_50        ;
;  SW[1]    ; CLOCK_50   ; 0.528 ; 0.528 ; Rise       ; CLOCK_50        ;
;  SW[2]    ; CLOCK_50   ; 0.505 ; 0.505 ; Rise       ; CLOCK_50        ;
;  SW[3]    ; CLOCK_50   ; 0.512 ; 0.512 ; Rise       ; CLOCK_50        ;
;  SW[4]    ; CLOCK_50   ; 0.815 ; 0.815 ; Rise       ; CLOCK_50        ;
;  SW[5]    ; CLOCK_50   ; 0.726 ; 0.726 ; Rise       ; CLOCK_50        ;
;  SW[6]    ; CLOCK_50   ; 0.708 ; 0.708 ; Rise       ; CLOCK_50        ;
;  SW[7]    ; CLOCK_50   ; 1.301 ; 1.301 ; Rise       ; CLOCK_50        ;
;  SW[8]    ; CLOCK_50   ; 1.482 ; 1.482 ; Rise       ; CLOCK_50        ;
;  SW[9]    ; CLOCK_50   ; 1.185 ; 1.185 ; Rise       ; CLOCK_50        ;
;  SW[10]   ; CLOCK_50   ; 0.967 ; 0.967 ; Rise       ; CLOCK_50        ;
;  SW[11]   ; CLOCK_50   ; 1.369 ; 1.369 ; Rise       ; CLOCK_50        ;
;  SW[12]   ; CLOCK_50   ; 1.492 ; 1.492 ; Rise       ; CLOCK_50        ;
;  SW[13]   ; CLOCK_50   ; 5.276 ; 5.276 ; Rise       ; CLOCK_50        ;
;  SW[14]   ; CLOCK_50   ; 5.125 ; 5.125 ; Rise       ; CLOCK_50        ;
;  SW[15]   ; CLOCK_50   ; 5.142 ; 5.142 ; Rise       ; CLOCK_50        ;
+-----------+------------+-------+-------+------------+-----------------+


+-------------------------------------------------------------------------+
; Hold Times                                                              ;
+-----------+------------+--------+--------+------------+-----------------+
; Data Port ; Clock Port ; Rise   ; Fall   ; Clock Edge ; Clock Reference ;
+-----------+------------+--------+--------+------------+-----------------+
; KEY[*]    ; CLOCK_50   ; -1.834 ; -1.834 ; Rise       ; CLOCK_50        ;
;  KEY[0]   ; CLOCK_50   ; -2.480 ; -2.480 ; Rise       ; CLOCK_50        ;
;  KEY[2]   ; CLOCK_50   ; -2.088 ; -2.088 ; Rise       ; CLOCK_50        ;
;  KEY[3]   ; CLOCK_50   ; -1.834 ; -1.834 ; Rise       ; CLOCK_50        ;
; SW[*]     ; CLOCK_50   ; 0.297  ; 0.297  ; Rise       ; CLOCK_50        ;
;  SW[0]    ; CLOCK_50   ; 0.297  ; 0.297  ; Rise       ; CLOCK_50        ;
;  SW[1]    ; CLOCK_50   ; 0.151  ; 0.151  ; Rise       ; CLOCK_50        ;
;  SW[2]    ; CLOCK_50   ; 0.173  ; 0.173  ; Rise       ; CLOCK_50        ;
;  SW[3]    ; CLOCK_50   ; 0.165  ; 0.165  ; Rise       ; CLOCK_50        ;
;  SW[4]    ; CLOCK_50   ; 0.056  ; 0.056  ; Rise       ; CLOCK_50        ;
;  SW[5]    ; CLOCK_50   ; 0.065  ; 0.065  ; Rise       ; CLOCK_50        ;
;  SW[6]    ; CLOCK_50   ; 0.111  ; 0.111  ; Rise       ; CLOCK_50        ;
;  SW[7]    ; CLOCK_50   ; -0.311 ; -0.311 ; Rise       ; CLOCK_50        ;
;  SW[8]    ; CLOCK_50   ; -0.407 ; -0.407 ; Rise       ; CLOCK_50        ;
;  SW[9]    ; CLOCK_50   ; -0.222 ; -0.222 ; Rise       ; CLOCK_50        ;
;  SW[10]   ; CLOCK_50   ; -0.122 ; -0.122 ; Rise       ; CLOCK_50        ;
;  SW[11]   ; CLOCK_50   ; -0.313 ; -0.313 ; Rise       ; CLOCK_50        ;
;  SW[12]   ; CLOCK_50   ; -0.354 ; -0.354 ; Rise       ; CLOCK_50        ;
;  SW[13]   ; CLOCK_50   ; -2.663 ; -2.663 ; Rise       ; CLOCK_50        ;
;  SW[14]   ; CLOCK_50   ; -2.617 ; -2.617 ; Rise       ; CLOCK_50        ;
;  SW[15]   ; CLOCK_50   ; -2.651 ; -2.651 ; Rise       ; CLOCK_50        ;
+-----------+------------+--------+--------+------------+-----------------+


+-----------------------------------------------------------------------+
; Clock to Output Times                                                 ;
+-----------+------------+-------+-------+------------+-----------------+
; Data Port ; Clock Port ; Rise  ; Fall  ; Clock Edge ; Clock Reference ;
+-----------+------------+-------+-------+------------+-----------------+
; HEX0[*]   ; CLOCK_50   ; 9.516 ; 9.516 ; Rise       ; CLOCK_50        ;
;  HEX0[0]  ; CLOCK_50   ; 9.516 ; 9.516 ; Rise       ; CLOCK_50        ;
;  HEX0[1]  ; CLOCK_50   ; 9.492 ; 9.492 ; Rise       ; CLOCK_50        ;
;  HEX0[2]  ; CLOCK_50   ; 9.484 ; 9.484 ; Rise       ; CLOCK_50        ;
;  HEX0[3]  ; CLOCK_50   ; 9.235 ; 9.235 ; Rise       ; CLOCK_50        ;
;  HEX0[4]  ; CLOCK_50   ; 9.293 ; 9.293 ; Rise       ; CLOCK_50        ;
;  HEX0[5]  ; CLOCK_50   ; 9.276 ; 9.276 ; Rise       ; CLOCK_50        ;
;  HEX0[6]  ; CLOCK_50   ; 9.250 ; 9.250 ; Rise       ; CLOCK_50        ;
; HEX1[*]   ; CLOCK_50   ; 7.440 ; 7.440 ; Rise       ; CLOCK_50        ;
;  HEX1[0]  ; CLOCK_50   ; 7.440 ; 7.440 ; Rise       ; CLOCK_50        ;
;  HEX1[1]  ; CLOCK_50   ; 7.435 ; 7.435 ; Rise       ; CLOCK_50        ;
;  HEX1[2]  ; CLOCK_50   ; 7.309 ; 7.309 ; Rise       ; CLOCK_50        ;
;  HEX1[3]  ; CLOCK_50   ; 7.250 ; 7.250 ; Rise       ; CLOCK_50        ;
;  HEX1[4]  ; CLOCK_50   ; 7.282 ; 7.282 ; Rise       ; CLOCK_50        ;
;  HEX1[5]  ; CLOCK_50   ; 7.262 ; 7.262 ; Rise       ; CLOCK_50        ;
;  HEX1[6]  ; CLOCK_50   ; 7.154 ; 7.154 ; Rise       ; CLOCK_50        ;
; HEX2[*]   ; CLOCK_50   ; 7.507 ; 7.507 ; Rise       ; CLOCK_50        ;
;  HEX2[0]  ; CLOCK_50   ; 7.207 ; 7.207 ; Rise       ; CLOCK_50        ;
;  HEX2[1]  ; CLOCK_50   ; 7.374 ; 7.374 ; Rise       ; CLOCK_50        ;
;  HEX2[2]  ; CLOCK_50   ; 7.445 ; 7.445 ; Rise       ; CLOCK_50        ;
;  HEX2[3]  ; CLOCK_50   ; 7.426 ; 7.426 ; Rise       ; CLOCK_50        ;
;  HEX2[4]  ; CLOCK_50   ; 7.507 ; 7.507 ; Rise       ; CLOCK_50        ;
;  HEX2[5]  ; CLOCK_50   ; 7.188 ; 7.188 ; Rise       ; CLOCK_50        ;
;  HEX2[6]  ; CLOCK_50   ; 7.507 ; 7.507 ; Rise       ; CLOCK_50        ;
; HEX3[*]   ; CLOCK_50   ; 7.595 ; 7.595 ; Rise       ; CLOCK_50        ;
;  HEX3[0]  ; CLOCK_50   ; 7.556 ; 7.556 ; Rise       ; CLOCK_50        ;
;  HEX3[1]  ; CLOCK_50   ; 7.300 ; 7.300 ; Rise       ; CLOCK_50        ;
;  HEX3[2]  ; CLOCK_50   ; 7.343 ; 7.343 ; Rise       ; CLOCK_50        ;
;  HEX3[3]  ; CLOCK_50   ; 7.299 ; 7.299 ; Rise       ; CLOCK_50        ;
;  HEX3[4]  ; CLOCK_50   ; 7.342 ; 7.342 ; Rise       ; CLOCK_50        ;
;  HEX3[5]  ; CLOCK_50   ; 7.550 ; 7.550 ; Rise       ; CLOCK_50        ;
;  HEX3[6]  ; CLOCK_50   ; 7.595 ; 7.595 ; Rise       ; CLOCK_50        ;
+-----------+------------+-------+-------+------------+-----------------+


+-----------------------------------------------------------------------+
; Minimum Clock to Output Times                                         ;
+-----------+------------+-------+-------+------------+-----------------+
; Data Port ; Clock Port ; Rise  ; Fall  ; Clock Edge ; Clock Reference ;
+-----------+------------+-------+-------+------------+-----------------+
; HEX0[*]   ; CLOCK_50   ; 4.798 ; 4.798 ; Rise       ; CLOCK_50        ;
;  HEX0[0]  ; CLOCK_50   ; 4.926 ; 4.926 ; Rise       ; CLOCK_50        ;
;  HEX0[1]  ; CLOCK_50   ; 4.901 ; 4.901 ; Rise       ; CLOCK_50        ;
;  HEX0[2]  ; CLOCK_50   ; 4.899 ; 4.899 ; Rise       ; CLOCK_50        ;
;  HEX0[3]  ; CLOCK_50   ; 4.807 ; 4.807 ; Rise       ; CLOCK_50        ;
;  HEX0[4]  ; CLOCK_50   ; 4.821 ; 4.821 ; Rise       ; CLOCK_50        ;
;  HEX0[5]  ; CLOCK_50   ; 4.810 ; 4.810 ; Rise       ; CLOCK_50        ;
;  HEX0[6]  ; CLOCK_50   ; 4.798 ; 4.798 ; Rise       ; CLOCK_50        ;
; HEX1[*]   ; CLOCK_50   ; 3.845 ; 3.845 ; Rise       ; CLOCK_50        ;
;  HEX1[0]  ; CLOCK_50   ; 4.022 ; 4.022 ; Rise       ; CLOCK_50        ;
;  HEX1[1]  ; CLOCK_50   ; 4.014 ; 4.014 ; Rise       ; CLOCK_50        ;
;  HEX1[2]  ; CLOCK_50   ; 3.898 ; 3.898 ; Rise       ; CLOCK_50        ;
;  HEX1[3]  ; CLOCK_50   ; 3.876 ; 3.876 ; Rise       ; CLOCK_50        ;
;  HEX1[4]  ; CLOCK_50   ; 3.890 ; 3.890 ; Rise       ; CLOCK_50        ;
;  HEX1[5]  ; CLOCK_50   ; 3.881 ; 3.881 ; Rise       ; CLOCK_50        ;
;  HEX1[6]  ; CLOCK_50   ; 3.845 ; 3.845 ; Rise       ; CLOCK_50        ;
; HEX2[*]   ; CLOCK_50   ; 3.798 ; 3.798 ; Rise       ; CLOCK_50        ;
;  HEX2[0]  ; CLOCK_50   ; 3.818 ; 3.818 ; Rise       ; CLOCK_50        ;
;  HEX2[1]  ; CLOCK_50   ; 3.893 ; 3.893 ; Rise       ; CLOCK_50        ;
;  HEX2[2]  ; CLOCK_50   ; 3.954 ; 3.954 ; Rise       ; CLOCK_50        ;
;  HEX2[3]  ; CLOCK_50   ; 3.942 ; 3.942 ; Rise       ; CLOCK_50        ;
;  HEX2[4]  ; CLOCK_50   ; 3.947 ; 3.947 ; Rise       ; CLOCK_50        ;
;  HEX2[5]  ; CLOCK_50   ; 3.798 ; 3.798 ; Rise       ; CLOCK_50        ;
;  HEX2[6]  ; CLOCK_50   ; 3.930 ; 3.930 ; Rise       ; CLOCK_50        ;
; HEX3[*]   ; CLOCK_50   ; 3.886 ; 3.886 ; Rise       ; CLOCK_50        ;
;  HEX3[0]  ; CLOCK_50   ; 3.994 ; 3.994 ; Rise       ; CLOCK_50        ;
;  HEX3[1]  ; CLOCK_50   ; 3.890 ; 3.890 ; Rise       ; CLOCK_50        ;
;  HEX3[2]  ; CLOCK_50   ; 3.902 ; 3.902 ; Rise       ; CLOCK_50        ;
;  HEX3[3]  ; CLOCK_50   ; 3.886 ; 3.886 ; Rise       ; CLOCK_50        ;
;  HEX3[4]  ; CLOCK_50   ; 3.909 ; 3.909 ; Rise       ; CLOCK_50        ;
;  HEX3[5]  ; CLOCK_50   ; 3.977 ; 3.977 ; Rise       ; CLOCK_50        ;
;  HEX3[6]  ; CLOCK_50   ; 4.019 ; 4.019 ; Rise       ; CLOCK_50        ;
+-----------+------------+-------+-------+------------+-----------------+


+-------------------------------------------------------------------+
; Setup Transfers                                                   ;
+------------+----------+----------+----------+----------+----------+
; From Clock ; To Clock ; RR Paths ; FR Paths ; RF Paths ; FF Paths ;
+------------+----------+----------+----------+----------+----------+
; CLOCK_50   ; CLOCK_50 ; 215      ; 0        ; 0        ; 0        ;
+------------+----------+----------+----------+----------+----------+
Entries labeled "false path" only account for clock-to-clock false paths and not path-based false paths. As a result, actual path counts may be lower than reported.


+-------------------------------------------------------------------+
; Hold Transfers                                                    ;
+------------+----------+----------+----------+----------+----------+
; From Clock ; To Clock ; RR Paths ; FR Paths ; RF Paths ; FF Paths ;
+------------+----------+----------+----------+----------+----------+
; CLOCK_50   ; CLOCK_50 ; 215      ; 0        ; 0        ; 0        ;
+------------+----------+----------+----------+----------+----------+
Entries labeled "false path" only account for clock-to-clock false paths and not path-based false paths. As a result, actual path counts may be lower than reported.


---------------
; Report TCCS ;
---------------
No dedicated SERDES Transmitter circuitry present in device or used in design


---------------
; Report RSKM ;
---------------
No dedicated SERDES Receiver circuitry present in device or used in design


+------------------------------------------------+
; Unconstrained Paths                            ;
+---------------------------------+-------+------+
; Property                        ; Setup ; Hold ;
+---------------------------------+-------+------+
; Illegal Clocks                  ; 0     ; 0    ;
; Unconstrained Clocks            ; 0     ; 0    ;
; Unconstrained Input Ports       ; 20    ; 20   ;
; Unconstrained Input Port Paths  ; 44    ; 44   ;
; Unconstrained Output Ports      ; 28    ; 28   ;
; Unconstrained Output Port Paths ; 112   ; 112  ;
+---------------------------------+-------+------+


+------------------------------------+
; TimeQuest Timing Analyzer Messages ;
+------------------------------------+
Info: *******************************************************************
Info: Running Quartus II 64-Bit TimeQuest Timing Analyzer
    Info: Version 13.0.1 Build 232 06/12/2013 Service Pack 1 SJ Web Edition
    Info: Processing started: Tue Jan 23 16:38:57 2018
Info: Command: quartus_sta Lab5_top_level -c Lab5_top_level
Info: qsta_default_script.tcl version: #1
Warning (20013): Ignored assignments for entity "Lab2_top_level" -- entity does not exist in design
    Warning (20014): Assignment for entity set_instance_assignment -name PARTITION_HIERARCHY root_partition -to | -entity Lab2_top_level -section_id Top was ignored
    Warning (20014): Assignment for entity set_global_assignment -name PARTITION_PRESERVE_HIGH_SPEED_TILES ON -entity Lab2_top_level -section_id Top was ignored
    Warning (20014): Assignment for entity set_global_assignment -name PARTITION_IGNORE_SOURCE_FILE_CHANGES OFF -entity Lab2_top_level -section_id Top was ignored
    Warning (20014): Assignment for entity set_global_assignment -name PARTITION_ALWAYS_USE_QXP_NETLIST OFF -entity Lab2_top_level -section_id Top was ignored
    Warning (20014): Assignment for entity set_global_assignment -name PARTITION_IMPORT_ASSIGNMENTS ON -entity Lab2_top_level -section_id Top was ignored
    Warning (20014): Assignment for entity set_global_assignment -name PARTITION_IMPORT_EXISTING_ASSIGNMENTS REPLACE_CONFLICTING -entity Lab2_top_level -section_id Top was ignored
    Warning (20014): Assignment for entity set_global_assignment -name PARTITION_IMPORT_EXISTING_LOGICLOCK_REGIONS UPDATE_CONFLICTING -entity Lab2_top_level -section_id Top was ignored
    Warning (20014): Assignment for entity set_global_assignment -name PARTITION_IMPORT_PIN_ASSIGNMENTS ON -entity Lab2_top_level -section_id Top was ignored
    Warning (20014): Assignment for entity set_global_assignment -name PARTITION_IMPORT_PROMOTE_ASSIGNMENTS ON -entity Lab2_top_level -section_id Top was ignored
    Warning (20014): Assignment for entity set_global_assignment -name PARTITION_TYPE STANDARD_PARTITION -entity Lab2_top_level -section_id Top was ignored
    Warning (20014): Assignment for entity set_global_assignment -name ALLOW_MULTIPLE_PERSONAS OFF -entity Lab2_top_level -section_id Top was ignored
    Warning (20014): Assignment for entity set_global_assignment -name PARTITION_ASD_REGION_ID 1 -entity Lab2_top_level -section_id Top was ignored
    Warning (20014): Assignment for entity set_global_assignment -name CROSS_BOUNDARY_OPTIMIZATIONS OFF -entity Lab2_top_level -section_id Top was ignored
    Warning (20014): Assignment for entity set_global_assignment -name PROPAGATE_CONSTANTS_ON_INPUTS ON -entity Lab2_top_level -section_id Top was ignored
    Warning (20014): Assignment for entity set_global_assignment -name PROPAGATE_INVERSIONS_ON_INPUTS ON -entity Lab2_top_level -section_id Top was ignored
    Warning (20014): Assignment for entity set_global_assignment -name REMOVE_LOGIC_ON_UNCONNECTED_OUTPUTS ON -entity Lab2_top_level -section_id Top was ignored
    Warning (20014): Assignment for entity set_global_assignment -name MERGE_EQUIVALENT_INPUTS ON -entity Lab2_top_level -section_id Top was ignored
    Warning (20014): Assignment for entity set_global_assignment -name MERGE_EQUIVALENT_BIDIRS ON -entity Lab2_top_level -section_id Top was ignored
    Warning (20014): Assignment for entity set_global_assignment -name ABSORB_PATHS_FROM_OUTPUTS_TO_INPUTS ON -entity Lab2_top_level -section_id Top was ignored
    Warning (20014): Assignment for entity set_global_assignment -name PARTITION_EXTRACT_HARD_BLOCK_NODES ON -entity Lab2_top_level -section_id Top was ignored
Warning (20013): Ignored assignments for entity "Lab4_top_level" -- entity does not exist in design
    Warning (20014): Assignment for entity set_instance_assignment -name PARTITION_HIERARCHY root_partition -to | -entity Lab4_top_level -section_id Top was ignored
    Warning (20014): Assignment for entity set_global_assignment -name PARTITION_PRESERVE_HIGH_SPEED_TILES ON -entity Lab4_top_level -section_id Top was ignored
    Warning (20014): Assignment for entity set_global_assignment -name PARTITION_IGNORE_SOURCE_FILE_CHANGES OFF -entity Lab4_top_level -section_id Top was ignored
    Warning (20014): Assignment for entity set_global_assignment -name PARTITION_ALWAYS_USE_QXP_NETLIST OFF -entity Lab4_top_level -section_id Top was ignored
    Warning (20014): Assignment for entity set_global_assignment -name PARTITION_IMPORT_ASSIGNMENTS ON -entity Lab4_top_level -section_id Top was ignored
    Warning (20014): Assignment for entity set_global_assignment -name PARTITION_IMPORT_EXISTING_ASSIGNMENTS REPLACE_CONFLICTING -entity Lab4_top_level -section_id Top was ignored
    Warning (20014): Assignment for entity set_global_assignment -name PARTITION_IMPORT_EXISTING_LOGICLOCK_REGIONS UPDATE_CONFLICTING -entity Lab4_top_level -section_id Top was ignored
    Warning (20014): Assignment for entity set_global_assignment -name PARTITION_IMPORT_PIN_ASSIGNMENTS ON -entity Lab4_top_level -section_id Top was ignored
    Warning (20014): Assignment for entity set_global_assignment -name PARTITION_IMPORT_PROMOTE_ASSIGNMENTS ON -entity Lab4_top_level -section_id Top was ignored
    Warning (20014): Assignment for entity set_global_assignment -name PARTITION_TYPE STANDARD_PARTITION -entity Lab4_top_level -section_id Top was ignored
    Warning (20014): Assignment for entity set_global_assignment -name ALLOW_MULTIPLE_PERSONAS OFF -entity Lab4_top_level -section_id Top was ignored
    Warning (20014): Assignment for entity set_global_assignment -name PARTITION_ASD_REGION_ID 1 -entity Lab4_top_level -section_id Top was ignored
    Warning (20014): Assignment for entity set_global_assignment -name CROSS_BOUNDARY_OPTIMIZATIONS OFF -entity Lab4_top_level -section_id Top was ignored
    Warning (20014): Assignment for entity set_global_assignment -name PROPAGATE_CONSTANTS_ON_INPUTS ON -entity Lab4_top_level -section_id Top was ignored
    Warning (20014): Assignment for entity set_global_assignment -name PROPAGATE_INVERSIONS_ON_INPUTS ON -entity Lab4_top_level -section_id Top was ignored
    Warning (20014): Assignment for entity set_global_assignment -name REMOVE_LOGIC_ON_UNCONNECTED_OUTPUTS ON -entity Lab4_top_level -section_id Top was ignored
    Warning (20014): Assignment for entity set_global_assignment -name MERGE_EQUIVALENT_INPUTS ON -entity Lab4_top_level -section_id Top was ignored
    Warning (20014): Assignment for entity set_global_assignment -name MERGE_EQUIVALENT_BIDIRS ON -entity Lab4_top_level -section_id Top was ignored
    Warning (20014): Assignment for entity set_global_assignment -name ABSORB_PATHS_FROM_OUTPUTS_TO_INPUTS ON -entity Lab4_top_level -section_id Top was ignored
    Warning (20014): Assignment for entity set_global_assignment -name PARTITION_EXTRACT_HARD_BLOCK_NODES ON -entity Lab4_top_level -section_id Top was ignored
Warning (20028): Parallel compilation is not licensed and has been disabled
Info (21077): Low junction temperature is 0 degrees C
Info (21077): High junction temperature is 85 degrees C
Critical Warning (332012): Synopsys Design Constraints File file not found: 'Lab5_top_level.sdc'. A Synopsys Design Constraints File is required by the TimeQuest Timing Analyzer to get proper timing constraints. Without it, the Compiler will not properly optimize the design.
Info (332142): No user constrained base clocks found in the design. Calling "derive_clocks -period 1.0"
Info (332105): Deriving Clocks
    Info (332105): create_clock -period 1.000 -name CLOCK_50 CLOCK_50
Info: Found TIMEQUEST_REPORT_SCRIPT_INCLUDE_DEFAULT_ANALYSIS = ON
Info: Analyzing Slow Model
Critical Warning (332148): Timing requirements not met
Info (332146): Worst-case setup slack is -1.434
    Info (332119):     Slack End Point TNS Clock 
    Info (332119): ========= ============= =====================
    Info (332119):    -1.434       -24.431 CLOCK_50 
Info (332146): Worst-case hold slack is 0.691
    Info (332119):     Slack End Point TNS Clock 
    Info (332119): ========= ============= =====================
    Info (332119):     0.691         0.000 CLOCK_50 
Info (332140): No Recovery paths to report
Info (332140): No Removal paths to report
Info (332146): Worst-case minimum pulse width slack is -1.380
    Info (332119):     Slack End Point TNS Clock 
    Info (332119): ========= ============= =====================
    Info (332119):    -1.380       -23.380 CLOCK_50 
Info (332001): The selected device family is not supported by the report_metastability command.
Info: Analyzing Fast Model
Critical Warning (332148): Timing requirements not met
Info (332146): Worst-case setup slack is -0.177
    Info (332119):     Slack End Point TNS Clock 
    Info (332119): ========= ============= =====================
    Info (332119):    -0.177        -2.070 CLOCK_50 
Info (332146): Worst-case hold slack is 0.313
    Info (332119):     Slack End Point TNS Clock 
    Info (332119): ========= ============= =====================
    Info (332119):     0.313         0.000 CLOCK_50 
Info (332140): No Recovery paths to report
Info (332140): No Removal paths to report
Info (332146): Worst-case minimum pulse width slack is -1.380
    Info (332119):     Slack End Point TNS Clock 
    Info (332119): ========= ============= =====================
    Info (332119):    -1.380       -23.380 CLOCK_50 
Info (332001): The selected device family is not supported by the report_metastability command.
Info (332102): Design is not fully constrained for setup requirements
Info (332102): Design is not fully constrained for hold requirements
Info: Quartus II 64-Bit TimeQuest Timing Analyzer was successful. 0 errors, 46 warnings
    Info: Peak virtual memory: 475 megabytes
    Info: Processing ended: Tue Jan 23 16:38:59 2018
    Info: Elapsed time: 00:00:02
    Info: Total CPU time (on all processors): 00:00:01


